<?xml version="1.0" encoding="UTF-8" standalone="yes"?><?mso-application progid="Word.Document"?>
<w:wordDocument xmlns:w="http://schemas.microsoft.com/office/word/2003/wordml" xmlns:number="urn:oasis:names:tc:opendocument:xmlns:datastyle:1.0" xmlns:w10="urn:schemas-microsoft-com:office:word" xmlns:v="urn:schemas-microsoft-com:vml" xmlns:dt="uuid:C2F41010-65B3-11d1-A29F-00AA00C14882" xmlns:aml="http://schemas.microsoft.com/aml/2001/core" xmlns:o="urn:schemas-microsoft-com:office:office" xmlns:wx="http://schemas.microsoft.com/office/word/2003/auxHint" xmlns:fo="urn:oasis:names:tc:opendocument:xmlns:xsl-fo-compatible:1.0" w:embeddedObjPresent="no" xml:space="preserve">
            <o:DocumentProperties><o:Title/><o:Subject/><o:Keywords/><o:Description/><o:Category/><o:Author>Fabler</o:Author><o:LastAuthor>Eugene Pirogov</o:LastAuthor><o:Manager/><o:Company/><o:HyperlinkBase/><o:Revision>27</o:Revision><o:TotalTime>173</o:TotalTime><o:LastPrinted/><o:Created>2010-01-15T16:12:00Z</o:Created><o:LastSaved>2010-01-15T21:48:23Z</o:LastSaved><o:Pages>2</o:Pages><o:Words>127</o:Words><o:Characters>1855</o:Characters><o:Paragraphs>43</o:Paragraphs></o:DocumentProperties><o:CustomDocumentProperties><o:Editor dt:dt="string">OpenOffice.org/2.4$Win32 OpenOffice.org_project/680m17$Build-9310</o:Editor><o:Language dt:dt="string"/><o:Info1 dt:dt="string"/><o:Info2 dt:dt="string"/><o:Info3 dt:dt="string"/><o:Info4 dt:dt="string"/><o:Manager dt:dt="string"/><o:Company dt:dt="string"/><o:Version dt:dt="string"/><o:HyperlinkBase dt:dt="string"/><o:Info1 dt:dt="string"/><o:Info2 dt:dt="string"/><o:Info3 dt:dt="string"/><o:Info4 dt:dt="string"/><o:Editor dt:dt="string">OpenOffice.org/2.4$Win32 OpenOffice.org_project/680m17$Build-9310</o:Editor><o:Category dt:dt="string"/></o:CustomDocumentProperties>
            <w:fonts><w:defaultFonts w:cs="" w:fareast="" w:h-ansi="" w:ascii=""/><w:font w:name="StarSymbol"><w:charset w:val="02"/><w:family w:val="System"/><w:pitch w:val=""/></w:font><w:font w:name="Tahoma1"><w:family w:val="System"/><w:pitch w:val=""/></w:font><w:font w:name="Tahoma11"><w:family w:val="System"/><w:pitch w:val=""/></w:font><w:font w:name="Tahoma111"><w:family w:val="System"/><w:pitch w:val=""/></w:font><w:font w:name="Arial1"><w:family w:val="Roman"/><w:pitch w:val="variable"/></w:font><w:font w:name="Arial11"><w:family w:val="Roman"/><w:pitch w:val="variable"/></w:font><w:font w:name="Times New Roman"><w:family w:val="Roman"/><w:pitch w:val="variable"/></w:font><w:font w:name="Arial"><w:family w:val="Swiss"/><w:pitch w:val="variable"/></w:font><w:font w:name="Arial Unicode MS"><w:family w:val="System"/><w:pitch w:val="variable"/></w:font><w:font w:name="MS Mincho"><w:family w:val="System"/><w:pitch w:val="variable"/></w:font><w:font w:name="Tahoma"><w:family w:val="System"/><w:pitch w:val="variable"/></w:font></w:fonts>
            
                <w:lists><w:listDef w:listDefId="0"><w:lvl w:ilvl="0"><w:start w:val="1"/><w:nfc w:val="255"/><w:lvlText w:val="%1"/><w:lvlJc w:val="left"/><w:pPr><w:tabs><w:tab w:val="list" w:pos="366.027"/></w:tabs><w:ind w:hanging="0" w:left="0"/></w:pPr></w:lvl><w:lvl w:ilvl="1"><w:start w:val="1"/><w:nfc w:val="255"/><w:lvlText w:val="%2"/><w:lvlJc w:val="left"/><w:pPr><w:tabs><w:tab w:val="list" w:pos="366.027"/></w:tabs><w:ind w:hanging="0" w:left="0"/></w:pPr></w:lvl><w:lvl w:ilvl="2"><w:start w:val="1"/><w:nfc w:val="255"/><w:lvlText w:val="%3"/><w:lvlJc w:val="left"/><w:pPr><w:tabs><w:tab w:val="list" w:pos="366.027"/></w:tabs><w:ind w:hanging="0" w:left="0"/></w:pPr></w:lvl><w:lvl w:ilvl="3"><w:start w:val="1"/><w:nfc w:val="255"/><w:lvlText w:val="%4"/><w:lvlJc w:val="left"/><w:pPr><w:tabs><w:tab w:val="list" w:pos="366.027"/></w:tabs><w:ind w:hanging="0" w:left="0"/></w:pPr></w:lvl><w:lvl w:ilvl="4"><w:start w:val="1"/><w:nfc w:val="255"/><w:lvlText w:val="%5"/><w:lvlJc w:val="left"/><w:pPr><w:tabs><w:tab w:val="list" w:pos="366.027"/></w:tabs><w:ind w:hanging="0" w:left="0"/></w:pPr></w:lvl><w:lvl w:ilvl="5"><w:start w:val="1"/><w:nfc w:val="255"/><w:lvlText w:val="%6"/><w:lvlJc w:val="left"/><w:pPr><w:tabs><w:tab w:val="list" w:pos="366.027"/></w:tabs><w:ind w:hanging="0" w:left="0"/></w:pPr></w:lvl><w:lvl w:ilvl="6"><w:start w:val="1"/><w:nfc w:val="255"/><w:lvlText w:val="%7"/><w:lvlJc w:val="left"/><w:pPr><w:tabs><w:tab w:val="list" w:pos="366.027"/></w:tabs><w:ind w:hanging="0" w:left="0"/></w:pPr></w:lvl><w:lvl w:ilvl="7"><w:start w:val="1"/><w:nfc w:val="255"/><w:lvlText w:val="%8"/><w:lvlJc w:val="left"/><w:pPr><w:tabs><w:tab w:val="list" w:pos="366.027"/></w:tabs><w:ind w:hanging="0" w:left="0"/></w:pPr></w:lvl><w:lvl w:ilvl="8"><w:start w:val="1"/><w:nfc w:val="255"/><w:lvlText w:val="%9"/><w:lvlJc w:val="left"/><w:pPr><w:tabs><w:tab w:val="list" w:pos="366.027"/></w:tabs><w:ind w:hanging="0" w:left="0"/></w:pPr></w:lvl></w:listDef><w:listDef w:listDefId="1"><w:lvl w:ilvl="0"><w:start w:val="1"/><w:lvlText w:val="%1."/><w:lvlJc w:val="left"/><w:suff w:val="Nothing"/></w:lvl><w:lvl w:ilvl="1"><w:start w:val="1"/><w:lvlText w:val="%1.%2."/><w:lvlJc w:val="left"/><w:pPr><w:tabs><w:tab w:val="list" w:pos="1248.279"/></w:tabs><w:ind w:hanging="360.045" w:left="1080.135"/></w:pPr></w:lvl><w:lvl w:ilvl="2"><w:start w:val="1"/><w:lvlText w:val="%1.%2.%3."/><w:lvlJc w:val="left"/><w:pPr><w:tabs><w:tab w:val="list" w:pos="1608.324"/></w:tabs><w:ind w:hanging="360.045" w:left="1440.18"/></w:pPr></w:lvl><w:lvl w:ilvl="3"><w:start w:val="1"/><w:lvlText w:val="%2.%3.%4."/><w:lvlJc w:val="left"/><w:pPr><w:tabs><w:tab w:val="list" w:pos="1968.3690000000001"/></w:tabs><w:ind w:hanging="360.045" w:left="1800.2250000000001"/></w:pPr></w:lvl><w:lvl w:ilvl="4"><w:start w:val="1"/><w:lvlText w:val="%3.%4.%5."/><w:lvlJc w:val="left"/><w:pPr><w:tabs><w:tab w:val="list" w:pos="2328.4139999999998"/></w:tabs><w:ind w:hanging="360.045" w:left="2160.27"/></w:pPr></w:lvl><w:lvl w:ilvl="5"><w:start w:val="1"/><w:lvlText w:val="%4.%5.%6."/><w:lvlJc w:val="left"/><w:pPr><w:tabs><w:tab w:val="list" w:pos="2688.459"/></w:tabs><w:ind w:hanging="360.045" w:left="2520.315"/></w:pPr></w:lvl><w:lvl w:ilvl="6"><w:start w:val="1"/><w:lvlText w:val="%5.%6.%7."/><w:lvlJc w:val="left"/><w:pPr><w:tabs><w:tab w:val="list" w:pos="3048.504"/></w:tabs><w:ind w:hanging="360.045" w:left="2880.36"/></w:pPr></w:lvl><w:lvl w:ilvl="7"><w:start w:val="1"/><w:lvlText w:val="%6.%7.%8."/><w:lvlJc w:val="left"/><w:pPr><w:tabs><w:tab w:val="list" w:pos="3408.549"/></w:tabs><w:ind w:hanging="360.045" w:left="3240.405"/></w:pPr></w:lvl><w:lvl w:ilvl="8"><w:start w:val="1"/><w:lvlText w:val="%7.%8.%9."/><w:lvlJc w:val="left"/><w:pPr><w:tabs><w:tab w:val="list" w:pos="3768.5941"/></w:tabs><w:ind w:hanging="360.045" w:left="3600.4501"/></w:pPr></w:lvl></w:listDef><w:listDef w:listDefId="2"><w:lvl w:ilvl="0"><w:start w:val="4"/><w:lvlText w:val="%1."/><w:lvlJc w:val="left"/><w:suff w:val="Nothing"/></w:lvl><w:lvl w:ilvl="1"><w:start w:val="1"/><w:lvlText w:val="%1.%2."/><w:lvlJc w:val="left"/><w:pPr><w:tabs><w:tab w:val="list" w:pos="1248.279"/></w:tabs><w:ind w:hanging="360.045" w:left="1080.135"/></w:pPr></w:lvl><w:lvl w:ilvl="2"><w:start w:val="1"/><w:lvlText w:val="%1.%2.%3."/><w:lvlJc w:val="left"/><w:pPr><w:tabs><w:tab w:val="list" w:pos="1608.324"/></w:tabs><w:ind w:hanging="360.045" w:left="1440.18"/></w:pPr></w:lvl><w:lvl w:ilvl="3"><w:start w:val="1"/><w:lvlText w:val="%2.%3.%4."/><w:lvlJc w:val="left"/><w:pPr><w:tabs><w:tab w:val="list" w:pos="1968.3690000000001"/></w:tabs><w:ind w:hanging="360.045" w:left="1800.2250000000001"/></w:pPr></w:lvl><w:lvl w:ilvl="4"><w:start w:val="1"/><w:lvlText w:val="%3.%4.%5."/><w:lvlJc w:val="left"/><w:pPr><w:tabs><w:tab w:val="list" w:pos="2328.4139999999998"/></w:tabs><w:ind w:hanging="360.045" w:left="2160.27"/></w:pPr></w:lvl><w:lvl w:ilvl="5"><w:start w:val="1"/><w:lvlText w:val="%4.%5.%6."/><w:lvlJc w:val="left"/><w:pPr><w:tabs><w:tab w:val="list" w:pos="2688.459"/></w:tabs><w:ind w:hanging="360.045" w:left="2520.315"/></w:pPr></w:lvl><w:lvl w:ilvl="6"><w:start w:val="1"/><w:lvlText w:val="%5.%6.%7."/><w:lvlJc w:val="left"/><w:pPr><w:tabs><w:tab w:val="list" w:pos="3048.504"/></w:tabs><w:ind w:hanging="360.045" w:left="2880.36"/></w:pPr></w:lvl><w:lvl w:ilvl="7"><w:start w:val="1"/><w:lvlText w:val="%6.%7.%8."/><w:lvlJc w:val="left"/><w:pPr><w:tabs><w:tab w:val="list" w:pos="3408.549"/></w:tabs><w:ind w:hanging="360.045" w:left="3240.405"/></w:pPr></w:lvl><w:lvl w:ilvl="8"><w:start w:val="1"/><w:lvlText w:val="%7.%8.%9."/><w:lvlJc w:val="left"/><w:pPr><w:tabs><w:tab w:val="list" w:pos="3768.5941"/></w:tabs><w:ind w:hanging="360.045" w:left="3600.4501"/></w:pPr></w:lvl></w:listDef><w:listDef w:listDefId="3"><w:lvl w:ilvl="0"><w:start w:val="6"/><w:lvlText w:val="%1."/><w:lvlJc w:val="left"/><w:suff w:val="Nothing"/></w:lvl><w:lvl w:ilvl="1"><w:start w:val="1"/><w:lvlText w:val="%1.%2."/><w:lvlJc w:val="left"/><w:pPr><w:tabs><w:tab w:val="list" w:pos="1248.279"/></w:tabs><w:ind w:hanging="360.045" w:left="1080.135"/></w:pPr></w:lvl><w:lvl w:ilvl="2"><w:start w:val="1"/><w:lvlText w:val="%1.%2.%3."/><w:lvlJc w:val="left"/><w:pPr><w:tabs><w:tab w:val="list" w:pos="1608.324"/></w:tabs><w:ind w:hanging="360.045" w:left="1440.18"/></w:pPr></w:lvl><w:lvl w:ilvl="3"><w:start w:val="1"/><w:lvlText w:val="%2.%3.%4."/><w:lvlJc w:val="left"/><w:pPr><w:tabs><w:tab w:val="list" w:pos="1968.3690000000001"/></w:tabs><w:ind w:hanging="360.045" w:left="1800.2250000000001"/></w:pPr></w:lvl><w:lvl w:ilvl="4"><w:start w:val="1"/><w:lvlText w:val="%3.%4.%5."/><w:lvlJc w:val="left"/><w:pPr><w:tabs><w:tab w:val="list" w:pos="2328.4139999999998"/></w:tabs><w:ind w:hanging="360.045" w:left="2160.27"/></w:pPr></w:lvl><w:lvl w:ilvl="5"><w:start w:val="1"/><w:lvlText w:val="%4.%5.%6."/><w:lvlJc w:val="left"/><w:pPr><w:tabs><w:tab w:val="list" w:pos="2688.459"/></w:tabs><w:ind w:hanging="360.045" w:left="2520.315"/></w:pPr></w:lvl><w:lvl w:ilvl="6"><w:start w:val="1"/><w:lvlText w:val="%5.%6.%7."/><w:lvlJc w:val="left"/><w:pPr><w:tabs><w:tab w:val="list" w:pos="3048.504"/></w:tabs><w:ind w:hanging="360.045" w:left="2880.36"/></w:pPr></w:lvl><w:lvl w:ilvl="7"><w:start w:val="1"/><w:lvlText w:val="%6.%7.%8."/><w:lvlJc w:val="left"/><w:pPr><w:tabs><w:tab w:val="list" w:pos="3408.549"/></w:tabs><w:ind w:hanging="360.045" w:left="3240.405"/></w:pPr></w:lvl><w:lvl w:ilvl="8"><w:start w:val="1"/><w:lvlText w:val="%7.%8.%9."/><w:lvlJc w:val="left"/><w:pPr><w:tabs><w:tab w:val="list" w:pos="3768.5941"/></w:tabs><w:ind w:hanging="360.045" w:left="3600.4501"/></w:pPr></w:lvl></w:listDef><w:listDef w:listDefId="4"><w:lvl w:ilvl="0"><w:start w:val="10"/><w:lvlText w:val="%1."/><w:lvlJc w:val="left"/><w:suff w:val="Nothing"/></w:lvl><w:lvl w:ilvl="1"><w:start w:val="1"/><w:lvlText w:val="%1.%2."/><w:lvlJc w:val="left"/><w:pPr><w:tabs><w:tab w:val="list" w:pos="1248.279"/></w:tabs><w:ind w:hanging="360.045" w:left="1080.135"/></w:pPr></w:lvl><w:lvl w:ilvl="2"><w:start w:val="1"/><w:lvlText w:val="%1.%2.%3."/><w:lvlJc w:val="left"/><w:pPr><w:tabs><w:tab w:val="list" w:pos="1608.324"/></w:tabs><w:ind w:hanging="360.045" w:left="1440.18"/></w:pPr></w:lvl><w:lvl w:ilvl="3"><w:start w:val="1"/><w:lvlText w:val="%2.%3.%4."/><w:lvlJc w:val="left"/><w:pPr><w:tabs><w:tab w:val="list" w:pos="1968.3690000000001"/></w:tabs><w:ind w:hanging="360.045" w:left="1800.2250000000001"/></w:pPr></w:lvl><w:lvl w:ilvl="4"><w:start w:val="1"/><w:lvlText w:val="%3.%4.%5."/><w:lvlJc w:val="left"/><w:pPr><w:tabs><w:tab w:val="list" w:pos="2328.4139999999998"/></w:tabs><w:ind w:hanging="360.045" w:left="2160.27"/></w:pPr></w:lvl><w:lvl w:ilvl="5"><w:start w:val="1"/><w:lvlText w:val="%4.%5.%6."/><w:lvlJc w:val="left"/><w:pPr><w:tabs><w:tab w:val="list" w:pos="2688.459"/></w:tabs><w:ind w:hanging="360.045" w:left="2520.315"/></w:pPr></w:lvl><w:lvl w:ilvl="6"><w:start w:val="1"/><w:lvlText w:val="%5.%6.%7."/><w:lvlJc w:val="left"/><w:pPr><w:tabs><w:tab w:val="list" w:pos="3048.504"/></w:tabs><w:ind w:hanging="360.045" w:left="2880.36"/></w:pPr></w:lvl><w:lvl w:ilvl="7"><w:start w:val="1"/><w:lvlText w:val="%6.%7.%8."/><w:lvlJc w:val="left"/><w:pPr><w:tabs><w:tab w:val="list" w:pos="3408.549"/></w:tabs><w:ind w:hanging="360.045" w:left="3240.405"/></w:pPr></w:lvl><w:lvl w:ilvl="8"><w:start w:val="1"/><w:lvlText w:val="%7.%8.%9."/><w:lvlJc w:val="left"/><w:pPr><w:tabs><w:tab w:val="list" w:pos="3768.5941"/></w:tabs><w:ind w:hanging="360.045" w:left="3600.4501"/></w:pPr></w:lvl></w:listDef><w:listDef w:listDefId="5"><w:lvl w:ilvl="0"><w:start w:val="14"/><w:lvlText w:val="%1."/><w:lvlJc w:val="left"/><w:suff w:val="Nothing"/></w:lvl><w:lvl w:ilvl="1"><w:start w:val="1"/><w:lvlText w:val="%1.%2."/><w:lvlJc w:val="left"/><w:pPr><w:tabs><w:tab w:val="list" w:pos="1248.279"/></w:tabs><w:ind w:hanging="360.045" w:left="1080.135"/></w:pPr></w:lvl><w:lvl w:ilvl="2"><w:start w:val="1"/><w:lvlText w:val="%1.%2.%3."/><w:lvlJc w:val="left"/><w:pPr><w:tabs><w:tab w:val="list" w:pos="1608.324"/></w:tabs><w:ind w:hanging="360.045" w:left="1440.18"/></w:pPr></w:lvl><w:lvl w:ilvl="3"><w:start w:val="1"/><w:lvlText w:val="%2.%3.%4."/><w:lvlJc w:val="left"/><w:pPr><w:tabs><w:tab w:val="list" w:pos="1968.3690000000001"/></w:tabs><w:ind w:hanging="360.045" w:left="1800.2250000000001"/></w:pPr></w:lvl><w:lvl w:ilvl="4"><w:start w:val="1"/><w:lvlText w:val="%3.%4.%5."/><w:lvlJc w:val="left"/><w:pPr><w:tabs><w:tab w:val="list" w:pos="2328.4139999999998"/></w:tabs><w:ind w:hanging="360.045" w:left="2160.27"/></w:pPr></w:lvl><w:lvl w:ilvl="5"><w:start w:val="1"/><w:lvlText w:val="%4.%5.%6."/><w:lvlJc w:val="left"/><w:pPr><w:tabs><w:tab w:val="list" w:pos="2688.459"/></w:tabs><w:ind w:hanging="360.045" w:left="2520.315"/></w:pPr></w:lvl><w:lvl w:ilvl="6"><w:start w:val="1"/><w:lvlText w:val="%5.%6.%7."/><w:lvlJc w:val="left"/><w:pPr><w:tabs><w:tab w:val="list" w:pos="3048.504"/></w:tabs><w:ind w:hanging="360.045" w:left="2880.36"/></w:pPr></w:lvl><w:lvl w:ilvl="7"><w:start w:val="1"/><w:lvlText w:val="%6.%7.%8."/><w:lvlJc w:val="left"/><w:pPr><w:tabs><w:tab w:val="list" w:pos="3408.549"/></w:tabs><w:ind w:hanging="360.045" w:left="3240.405"/></w:pPr></w:lvl><w:lvl w:ilvl="8"><w:start w:val="1"/><w:lvlText w:val="%7.%8.%9."/><w:lvlJc w:val="left"/><w:pPr><w:tabs><w:tab w:val="list" w:pos="3768.5941"/></w:tabs><w:ind w:hanging="360.045" w:left="3600.4501"/></w:pPr></w:lvl></w:listDef><w:list w:ilfo="1"><w:ilst w:val="0"/></w:list><w:list w:ilfo="2"><w:ilst w:val="1"/></w:list><w:list w:ilfo="3"><w:ilst w:val="2"/></w:list><w:list w:ilfo="4"><w:ilst w:val="3"/></w:list><w:list w:ilfo="5"><w:ilst w:val="4"/></w:list><w:list w:ilfo="6"><w:ilst w:val="5"/></w:list></w:lists>
            
            <w:styles>
                <w:style w:styleId="default-paragraph-style" w:type="paragraph" w:default="on"><w:name w:val="default-paragraph-style"/><w:pPr><w:adjustRightInd w:val="off"/><w:spacing/><w:ind/><w:widowControl w:val="off"/><w:pBdr/><w:ind/></w:pPr><w:rPr><w:rFonts w:ascii="Times New Roman" w:h-ansi="Times New Roman" w:fareast="Arial Unicode MS" w:cs="Tahoma"/><w:sz w:val="24"/><w:lang w:val="ru-RU"/></w:rPr></w:style><w:style w:styleId="default-table-style" w:type="table" w:default="on"><w:name w:val="default-table-style"/><w:tblPr><w:tblInd w:w="0" w:type="auto"/></w:tblPr></w:style><w:style w:styleId="Standard" w:type="paragraph"><w:basedOn w:val="default-paragraph-style"/><w:name w:val="Standard"/></w:style><w:style w:styleId="Heading" w:type="paragraph"><w:basedOn w:val="Standard"/><w:name w:val="Heading"/><w:next w:val="Text_20_body"/><w:pPr><w:adjustRightInd w:val="off"/><w:spacing w:before="239.841" w:after="120.204"/><w:ind/><w:widowControl w:val="off"/><w:pBdr/><w:ind/></w:pPr><w:rPr><w:rFonts w:ascii="Arial" w:h-ansi="Arial" w:fareast="MS Mincho" w:cs="Tahoma"/><w:sz w:val="28"/></w:rPr></w:style><w:style w:styleId="Text_20_body" w:type="paragraph"><w:basedOn w:val="Standard"/><w:name w:val="Text_20_body"/><w:pPr><w:adjustRightInd w:val="off"/><w:spacing w:before="0" w:after="120.204"/><w:ind/><w:widowControl w:val="off"/><w:pBdr/><w:ind/></w:pPr></w:style><w:style w:styleId="List" w:type="paragraph"><w:basedOn w:val="Text_20_body"/><w:name w:val="List"/><w:rPr><w:rFonts w:cs="Tahoma1"/></w:rPr></w:style><w:style w:styleId="Caption" w:type="paragraph"><w:basedOn w:val="Standard"/><w:name w:val="Caption"/><w:pPr><w:adjustRightInd w:val="off"/><w:spacing w:before="120.204" w:after="120.204"/><w:ind/><w:widowControl w:val="off"/><w:supressLineNumbers/><w:pBdr/><w:ind/></w:pPr><w:rPr><w:rFonts w:cs="Tahoma1"/><w:sz w:val="24"/><w:i/></w:rPr></w:style><w:style w:styleId="Index" w:type="paragraph"><w:basedOn w:val="Standard"/><w:name w:val="Index"/><w:pPr><w:adjustRightInd w:val="off"/><w:spacing/><w:ind/><w:widowControl w:val="off"/><w:supressLineNumbers/><w:pBdr/><w:ind/></w:pPr><w:rPr><w:rFonts w:cs="Tahoma1"/></w:rPr></w:style><w:style w:styleId="wdefault-paragraph-style" w:type="paragraph"><w:basedOn w:val="default-paragraph-style"/><w:name w:val="wdefault-paragraph-style"/><w:rPr><w:rFonts w:ascii="Times New Roman" w:h-ansi="Times New Roman" w:fareast="Arial Unicode MS" w:cs="Tahoma"/><w:sz w:val="24"/><w:lang w:val="ru-RU"/></w:rPr></w:style><w:style w:styleId="wStandard" w:type="paragraph"><w:basedOn w:val="wdefault-paragraph-style"/><w:name w:val="wStandard"/></w:style><w:style w:styleId="wHeading" w:type="paragraph"><w:basedOn w:val="wStandard"/><w:name w:val="wHeading"/><w:next w:val="wStandard"/><w:pPr><w:adjustRightInd w:val="off"/><w:spacing w:before="239.841" w:after="120.204"/><w:ind/><w:widowControl w:val="off"/><w:pBdr/><w:ind/></w:pPr><w:rPr><w:rFonts w:ascii="Arial1" w:h-ansi="Arial1" w:fareast="MS Mincho" w:cs="Tahoma"/><w:sz w:val="28"/></w:rPr></w:style><w:style w:styleId="wText_5f_20_5f_body" w:type="paragraph"><w:basedOn w:val="wStandard"/><w:name w:val="wText_5f_20_5f_body"/><w:pPr><w:adjustRightInd w:val="off"/><w:spacing w:before="0" w:after="120.204"/><w:ind/><w:widowControl w:val="off"/><w:pBdr/><w:ind/></w:pPr></w:style><w:style w:styleId="wList" w:type="paragraph"><w:basedOn w:val="wText_5f_20_5f_body"/><w:name w:val="wList"/><w:rPr><w:rFonts w:cs="Tahoma11"/></w:rPr></w:style><w:style w:styleId="wCaption" w:type="paragraph"><w:basedOn w:val="wStandard"/><w:name w:val="wCaption"/><w:pPr><w:adjustRightInd w:val="off"/><w:spacing w:before="120.204" w:after="120.204"/><w:ind/><w:widowControl w:val="off"/><w:pBdr/><w:ind/></w:pPr><w:rPr><w:rFonts w:cs="Tahoma11"/><w:sz w:val="24"/></w:rPr></w:style><w:style w:styleId="wIndex" w:type="paragraph"><w:basedOn w:val="wStandard"/><w:name w:val="wIndex"/><w:rPr><w:rFonts w:cs="Tahoma11"/></w:rPr></w:style><w:style w:styleId="wwdefault-paragraph-style" w:type="paragraph"><w:basedOn w:val="wdefault-paragraph-style"/><w:name w:val="wwdefault-paragraph-style"/><w:rPr><w:rFonts w:ascii="Times New Roman" w:h-ansi="Times New Roman" w:fareast="Arial Unicode MS" w:cs="Tahoma"/><w:sz w:val="24"/><w:lang w:val="ru-RU"/></w:rPr></w:style><w:style w:styleId="wwStandard" w:type="paragraph"><w:basedOn w:val="wwdefault-paragraph-style"/><w:name w:val="wwStandard"/><w:pPr><w:adjustRightInd w:val="off"/><w:spacing/><w:ind/><w:widowControl w:val="off"/><w:autoSpaceDE w:val="off"/><w:autoSpaceDN w:val="off"/><w:pBdr/><w:ind/></w:pPr><w:rPr><w:rFonts w:ascii="Arial11" w:h-ansi="Arial11" w:fareast="Times New Roman" w:cs="Arial11"/><w:sz w:val="20"/><w:lang w:val="ru-RU"/></w:rPr></w:style><w:style w:styleId="wwHeading" w:type="paragraph"><w:basedOn w:val="wwStandard"/><w:name w:val="wwHeading"/><w:next w:val="wwStandard"/><w:pPr><w:adjustRightInd w:val="off"/><w:spacing w:before="239.841" w:after="120.204"/><w:ind/><w:widowControl w:val="off"/><w:pBdr/><w:ind/></w:pPr><w:rPr><w:rFonts w:ascii="Arial11" w:h-ansi="Arial11" w:fareast="MS Mincho" w:cs="Tahoma"/><w:sz w:val="28"/></w:rPr></w:style><w:style w:styleId="wwText_5f_5f_5f_20_5f_5f_5f_body" w:type="paragraph"><w:basedOn w:val="wwStandard"/><w:name w:val="wwText_5f_5f_5f_20_5f_5f_5f_body"/><w:pPr><w:adjustRightInd w:val="off"/><w:spacing w:before="0" w:after="120.204"/><w:ind/><w:widowControl w:val="off"/><w:pBdr/><w:ind/></w:pPr></w:style><w:style w:styleId="wwList" w:type="paragraph"><w:basedOn w:val="wwText_5f_5f_5f_20_5f_5f_5f_body"/><w:name w:val="wwList"/><w:rPr><w:rFonts w:cs="Tahoma111"/></w:rPr></w:style><w:style w:styleId="wwCaption" w:type="paragraph"><w:basedOn w:val="wwStandard"/><w:name w:val="wwCaption"/><w:pPr><w:adjustRightInd w:val="off"/><w:spacing w:before="120.204" w:after="120.204"/><w:ind/><w:widowControl w:val="off"/><w:pBdr/><w:ind/></w:pPr><w:rPr><w:rFonts w:cs="Tahoma111"/><w:sz w:val="24"/></w:rPr></w:style><w:style w:styleId="wwIndex" w:type="paragraph"><w:basedOn w:val="wwStandard"/><w:name w:val="wwIndex"/><w:rPr><w:rFonts w:cs="Tahoma111"/></w:rPr></w:style><w:style w:styleId="wwTable_5f_5f_5f_20_5f_5f_5f_Contents" w:type="paragraph"><w:basedOn w:val="wwStandard"/><w:name w:val="wwTable_5f_5f_5f_20_5f_5f_5f_Contents"/></w:style><w:style w:styleId="wwTable_5f_5f_5f_20_5f_5f_5f_Heading" w:type="paragraph"><w:basedOn w:val="wwTable_5f_5f_5f_20_5f_5f_5f_Contents"/><w:name w:val="wwTable_5f_5f_5f_20_5f_5f_5f_Heading"/><w:pPr><w:adjustRightInd w:val="off"/><w:jc w:val="center"/><w:spacing/><w:ind/><w:widowControl w:val="off"/><w:pBdr/><w:ind/></w:pPr></w:style><w:style w:styleId="wwP1" w:type="paragraph"><w:basedOn w:val="wwStandard"/><w:name w:val="wwP1"/><w:rPr><w:rFonts w:cs="Times New Roman"/></w:rPr></w:style><w:style w:styleId="wwP2" w:type="paragraph"><w:basedOn w:val="wwStandard"/><w:name w:val="wwP2"/><w:pPr><w:adjustRightInd w:val="off"/><w:spacing w:line-rule="exact" w:line="170.1"/><w:ind w:left="22.113" w:right="492.156" w:hanging="2.268"/><w:widowControl w:val="off"/><w:snapToGrid w:val="off"/><w:pBdr/><w:ind/></w:pPr></w:style><w:style w:styleId="wwP3" w:type="paragraph"><w:basedOn w:val="wwStandard"/><w:name w:val="wwP3"/></w:style><w:style w:styleId="wwP4" w:type="paragraph"><w:basedOn w:val="wwStandard"/><w:name w:val="wwP4"/><w:pPr><w:adjustRightInd w:val="off"/><w:spacing/><w:ind/><w:widowControl w:val="off"/><w:snapToGrid w:val="off"/><w:pBdr/><w:ind/></w:pPr></w:style><w:style w:styleId="wwP5" w:type="paragraph"><w:basedOn w:val="wwStandard"/><w:name w:val="wwP5"/><w:pPr><w:adjustRightInd w:val="off"/><w:jc w:val="center"/><w:spacing w:line-rule="exact" w:line="167.832"/><w:ind/><w:widowControl w:val="off"/><w:pBdr/><w:ind/></w:pPr></w:style><w:style w:styleId="wwP6" w:type="paragraph"><w:basedOn w:val="wwStandard"/><w:name w:val="wwP6"/><w:pPr><w:adjustRightInd w:val="off"/><w:spacing/><w:ind/><w:widowControl w:val="off"/><w:tabs><w:tab w:val="left" w:pos="322.056"/></w:tabs><w:pBdr/><w:ind/></w:pPr></w:style><w:style w:styleId="wwP7" w:type="paragraph"><w:basedOn w:val="wwStandard"/><w:name w:val="wwP7"/><w:pPr><w:adjustRightInd w:val="off"/><w:spacing/><w:ind/><w:widowControl w:val="off"/><w:tabs><w:tab w:val="left" w:pos="322.056"/><w:tab w:val="left" w:pos="3293.1361"/><w:tab w:val="left" w:pos="7460.0191"/></w:tabs><w:pBdr/><w:ind/></w:pPr></w:style><w:style w:styleId="wwP8" w:type="paragraph"><w:basedOn w:val="wwStandard"/><w:name w:val="wwP8"/><w:pPr><w:adjustRightInd w:val="off"/><w:spacing/><w:ind/><w:widowControl w:val="off"/><w:tabs><w:tab w:val="left" w:pos="322.056"/><w:tab w:val="left" w:pos="7457.7511"/></w:tabs><w:pBdr/><w:ind/></w:pPr></w:style><w:style w:styleId="wwP9" w:type="paragraph"><w:basedOn w:val="wwStandard"/><w:name w:val="wwP9"/><w:pPr><w:adjustRightInd w:val="off"/><w:spacing/><w:ind/><w:widowControl w:val="off"/><w:tabs><w:tab w:val="left" w:pos="322.056"/><w:tab w:val="left" w:pos="7457.7511"/></w:tabs><w:pBdr/><w:ind/></w:pPr><w:rPr><w:sz w:val="18"/><w:spacing w:val="-14.742"/><w:lang w:val="uk-UA"/></w:rPr></w:style><w:style w:styleId="wwP10" w:type="paragraph"><w:basedOn w:val="wwStandard"/><w:name w:val="wwP10"/><w:pPr><w:adjustRightInd w:val="off"/><w:spacing/><w:ind w:left="54.999" w:right="0" w:first-line="0"/><w:widowControl w:val="off"/><w:pBdr/><w:ind/></w:pPr></w:style><w:style w:styleId="wwP11" w:type="paragraph"><w:basedOn w:val="wwStandard"/><w:name w:val="wwP11"/><w:pPr><w:adjustRightInd w:val="off"/><w:spacing w:line-rule="exact" w:line="167.832"/><w:ind w:left="54.999" w:right="0" w:first-line="0"/><w:widowControl w:val="off"/><w:snapToGrid w:val="off"/><w:pBdr/><w:ind/></w:pPr></w:style><w:style w:styleId="wwP12" w:type="paragraph"><w:basedOn w:val="wwStandard"/><w:name w:val="wwP12"/><w:pPr><w:adjustRightInd w:val="off"/><w:spacing/><w:ind w:left="54.999" w:right="0" w:first-line="0"/><w:widowControl w:val="off"/><w:pBdr/><w:ind/></w:pPr><w:rPr><w:rFonts w:cs="Times New Roman"/><w:sz w:val="14"/><w:lang w:val="uk-UA"/></w:rPr></w:style><w:style w:styleId="wwP13" w:type="paragraph"><w:basedOn w:val="wwStandard"/><w:name w:val="wwP13"/><w:pPr><w:adjustRightInd w:val="off"/><w:spacing/><w:ind w:left="34.02" w:right="0" w:first-line="0"/><w:widowControl w:val="off"/><w:pBdr/><w:ind/></w:pPr></w:style><w:style w:styleId="wwP14" w:type="paragraph"><w:basedOn w:val="wwStandard"/><w:name w:val="wwP14"/><w:pPr><w:adjustRightInd w:val="off"/><w:spacing/><w:ind w:left="34.02" w:right="0" w:first-line="0"/><w:widowControl w:val="off"/><w:snapToGrid w:val="off"/><w:pBdr/><w:ind/></w:pPr></w:style><w:style w:styleId="wwP15" w:type="paragraph"><w:basedOn w:val="wwStandard"/><w:name w:val="wwP15"/><w:pPr><w:adjustRightInd w:val="off"/><w:spacing/><w:ind w:left="36.288" w:right="0" w:first-line="0"/><w:widowControl w:val="off"/><w:snapToGrid w:val="off"/><w:pBdr/><w:ind/></w:pPr></w:style><w:style w:styleId="wwP16" w:type="paragraph"><w:basedOn w:val="wwStandard"/><w:name w:val="wwP16"/><w:pPr><w:adjustRightInd w:val="off"/><w:jc w:val="center"/><w:spacing w:before="91.287" w:after="0"/><w:ind w:left="0" w:right="23.814" w:first-line="0"/><w:widowControl w:val="off"/><w:pBdr/><w:ind/></w:pPr></w:style><w:style w:styleId="wwP17" w:type="paragraph"><w:basedOn w:val="wwStandard"/><w:name w:val="wwP17"/><w:pPr><w:adjustRightInd w:val="off"/><w:spacing w:before="10.206" w:after="0"/><w:ind w:left="1102.248" w:right="0" w:first-line="0"/><w:widowControl w:val="off"/><w:pBdr/><w:ind/></w:pPr></w:style><w:style w:styleId="wwP18" w:type="paragraph"><w:basedOn w:val="wwStandard"/><w:name w:val="wwP18"/><w:pPr><w:adjustRightInd w:val="off"/><w:jc w:val="center"/><w:spacing w:line-rule="exact" w:line="218.295" w:before="74.277" w:after="0"/><w:ind w:left="1644.3" w:right="1663.011" w:first-line="0"/><w:widowControl w:val="off"/><w:pBdr/><w:ind/></w:pPr></w:style><w:style w:styleId="wwP19" w:type="paragraph"><w:basedOn w:val="wwStandard"/><w:name w:val="wwP19"/><w:pPr><w:adjustRightInd w:val="off"/><w:spacing w:before="94.122" w:after="0"/><w:ind w:left="132.111" w:right="0" w:first-line="0"/><w:widowControl w:val="off"/><w:tabs><w:tab w:val="left" w:pos="239.841"/><w:tab w:val="left" w:pos="7378.9381"/></w:tabs><w:pBdr/><w:ind/></w:pPr></w:style><w:style w:styleId="wwP20" w:type="paragraph"><w:basedOn w:val="wwStandard"/><w:name w:val="wwP20"/><w:pPr><w:adjustRightInd w:val="off"/><w:spacing w:before="324.324" w:after="0"/><w:ind w:left="132.111" w:right="0" w:first-line="0"/><w:widowControl w:val="off"/><w:tabs><w:tab w:val="left" w:pos="239.841"/><w:tab w:val="left" w:pos="1285.956"/><w:tab w:val="left" w:pos="7381.2061"/></w:tabs><w:pBdr/><w:ind/></w:pPr></w:style><w:style w:styleId="wwP21" w:type="paragraph"><w:basedOn w:val="wwStandard"/><w:name w:val="wwP21"/><w:pPr><w:adjustRightInd w:val="off"/><w:spacing w:before="277.83" w:after="0"/><w:ind w:left="127.008" w:right="0" w:first-line="0"/><w:widowControl w:val="off"/><w:tabs><w:tab w:val="left" w:pos="250.047"/><w:tab w:val="left" w:pos="7390.8451"/></w:tabs><w:pBdr/><w:ind/></w:pPr></w:style><w:style w:styleId="wwP22" w:type="paragraph"><w:basedOn w:val="wwStandard"/><w:name w:val="wwP22"/><w:pPr><w:adjustRightInd w:val="off"/><w:spacing/><w:ind w:left="127.008" w:right="0" w:first-line="0"/><w:widowControl w:val="off"/><w:tabs><w:tab w:val="left" w:pos="250.047"/><w:tab w:val="left" w:pos="7393.1131"/></w:tabs><w:pBdr/><w:ind/></w:pPr></w:style><w:style w:styleId="wwP23" w:type="paragraph"><w:basedOn w:val="wwStandard"/><w:name w:val="wwP23"/><w:pPr><w:adjustRightInd w:val="off"/><w:spacing/><w:ind w:left="127.008" w:right="0" w:first-line="0"/><w:widowControl w:val="off"/><w:tabs><w:tab w:val="left" w:pos="250.047"/><w:tab w:val="left" w:pos="4723.6771"/></w:tabs><w:pBdr/><w:ind/></w:pPr></w:style><w:style w:styleId="wwP24" w:type="paragraph"><w:basedOn w:val="wwStandard"/><w:name w:val="wwP24"/><w:pPr><w:adjustRightInd w:val="off"/><w:spacing w:before="6.804" w:after="0"/><w:ind w:left="127.008" w:right="0" w:first-line="0"/><w:widowControl w:val="off"/><w:tabs><w:tab w:val="left" w:pos="250.047"/></w:tabs><w:pBdr/><w:ind/></w:pPr></w:style><w:style w:styleId="wwP25" w:type="paragraph"><w:basedOn w:val="wwStandard"/><w:name w:val="wwP25"/><w:pPr><w:adjustRightInd w:val="off"/><w:spacing w:before="2.268" w:after="0"/><w:ind w:left="377.055" w:right="0" w:first-line="0"/><w:widowControl w:val="off"/><w:tabs><w:tab w:val="left" w:pos="2880.36"/></w:tabs><w:pBdr/><w:ind/></w:pPr></w:style><w:style w:styleId="wwP26" w:type="paragraph"><w:basedOn w:val="wwStandard"/><w:name w:val="wwP26"/><w:pPr><w:adjustRightInd w:val="off"/><w:spacing/><w:ind w:left="383.859" w:right="1123.227" w:first-line="0"/><w:widowControl w:val="off"/><w:tabs><w:tab w:val="left" w:pos="3463.2361"/></w:tabs><w:pBdr/><w:ind/></w:pPr></w:style><w:style w:styleId="wwP27" w:type="paragraph"><w:basedOn w:val="wwStandard"/><w:name w:val="wwP27"/><w:pPr><w:adjustRightInd w:val="off"/><w:spacing w:before="52.731" w:after="0"/><w:ind w:left="66.906" w:right="0" w:first-line="0"/><w:widowControl w:val="off"/><w:tabs><w:tab w:val="left" w:pos="331.128"/><w:tab w:val="left" w:pos="7471.9261"/></w:tabs><w:pBdr/><w:ind/></w:pPr></w:style><w:style w:styleId="wwP28" w:type="paragraph"><w:basedOn w:val="wwStandard"/><w:name w:val="wwP28"/><w:pPr><w:adjustRightInd w:val="off"/><w:spacing w:before="60.102" w:after="0"/><w:ind w:left="66.906" w:right="0" w:first-line="0"/><w:widowControl w:val="off"/><w:tabs><w:tab w:val="left" w:pos="331.128"/><w:tab w:val="left" w:pos="3175.2001"/><w:tab w:val="left" w:pos="7477.0291"/></w:tabs><w:pBdr/><w:ind/></w:pPr></w:style><w:style w:styleId="wwP29" w:type="paragraph"><w:basedOn w:val="wwStandard"/><w:name w:val="wwP29"/><w:pPr><w:adjustRightInd w:val="off"/><w:spacing w:before="60.102" w:after="0"/><w:ind w:left="66.906" w:right="0" w:first-line="0"/><w:widowControl w:val="off"/><w:tabs><w:tab w:val="left" w:pos="331.128"/><w:tab w:val="left" w:pos="3175.2001"/><w:tab w:val="left" w:pos="7477.0291"/></w:tabs><w:pBdr/><w:ind/></w:pPr><w:rPr><w:sz w:val="18"/><w:spacing w:val="-11.907"/><w:lang w:val="uk-UA"/></w:rPr></w:style><w:style w:styleId="wwP30" w:type="paragraph"><w:basedOn w:val="wwStandard"/><w:name w:val="wwP30"/><w:pPr><w:adjustRightInd w:val="off"/><w:spacing w:before="2.268" w:after="0"/><w:ind w:left="340.767" w:right="0" w:first-line="0"/><w:widowControl w:val="off"/><w:tabs><w:tab w:val="left" w:pos="4632.3901"/></w:tabs><w:pBdr/><w:ind/></w:pPr></w:style><w:style w:styleId="wwP31" w:type="paragraph"><w:basedOn w:val="wwStandard"/><w:name w:val="wwP31"/><w:pPr><w:adjustRightInd w:val="off"/><w:spacing/><w:ind w:left="340.767" w:right="0" w:first-line="0"/><w:widowControl w:val="off"/><w:tabs><w:tab w:val="left" w:pos="7122.0871"/></w:tabs><w:pBdr/><w:ind/></w:pPr></w:style><w:style w:styleId="wwP32" w:type="paragraph"><w:basedOn w:val="wwStandard"/><w:name w:val="wwP32"/><w:pPr><w:adjustRightInd w:val="off"/><w:spacing w:before="14.175" w:after="0"/><w:ind/><w:widowControl w:val="off"/><w:tabs><w:tab w:val="left" w:pos="322.056"/><w:tab w:val="left" w:pos="3994.5151"/><w:tab w:val="left" w:pos="7460.0191"/></w:tabs><w:pBdr/><w:ind/></w:pPr></w:style><w:style w:styleId="wwCommentText" w:type="paragraph"><w:basedOn w:val="wdefault-paragraph-style"/><w:name w:val="wwCommentText"/><w:rPr><w:sz w:val="20"/></w:rPr></w:style><w:style w:styleId="wwCommentSubject" w:type="paragraph"><w:basedOn w:val="wwCommentText"/><w:name w:val="wwCommentSubject"/><w:next w:val="wwCommentText"/></w:style><w:style w:styleId="wTable_5f_20_5f_Contents" w:type="paragraph"><w:basedOn w:val="wStandard"/><w:name w:val="wTable_5f_20_5f_Contents"/></w:style><w:style w:styleId="wP1" w:type="paragraph"><w:basedOn w:val="wwP27"/><w:name w:val="wP1"/></w:style><w:style w:styleId="wP2" w:type="paragraph"><w:basedOn w:val="wwP24"/><w:name w:val="wP2"/></w:style><w:style w:styleId="wP3" w:type="paragraph"><w:basedOn w:val="wwP32"/><w:name w:val="wP3"/></w:style><w:style w:styleId="wP4" w:type="paragraph"><w:basedOn w:val="wwP22"/><w:name w:val="wP4"/></w:style><w:style w:styleId="wP5" w:type="paragraph"><w:basedOn w:val="wwP8"/><w:name w:val="wP5"/></w:style><w:style w:styleId="wP6" w:type="paragraph"><w:basedOn w:val="wwP20"/><w:name w:val="wP6"/></w:style><w:style w:styleId="wP7" w:type="paragraph"><w:basedOn w:val="wwP2"/><w:name w:val="wP7"/></w:style><w:style w:styleId="wP8" w:type="paragraph"><w:basedOn w:val="wwP21"/><w:name w:val="wP8"/></w:style><w:style w:styleId="wP9" w:type="paragraph"><w:basedOn w:val="wwP23"/><w:name w:val="wP9"/></w:style><w:style w:styleId="wP10" w:type="paragraph"><w:basedOn w:val="wwP28"/><w:name w:val="wP10"/></w:style><w:style w:styleId="wP11" w:type="paragraph"><w:basedOn w:val="wwP19"/><w:name w:val="wP11"/></w:style><w:style w:styleId="wP12" w:type="paragraph"><w:basedOn w:val="wwP7"/><w:name w:val="wP12"/></w:style><w:style w:styleId="wCommentText" w:type="paragraph"><w:basedOn w:val="default-paragraph-style"/><w:name w:val="wCommentText"/><w:rPr><w:sz w:val="20"/></w:rPr></w:style><w:style w:styleId="wCommentSubject" w:type="paragraph"><w:basedOn w:val="wCommentText"/><w:name w:val="wCommentSubject"/><w:next w:val="wCommentText"/></w:style><w:style w:styleId="Table_20_Contents" w:type="paragraph"><w:basedOn w:val="Standard"/><w:name w:val="Table_20_Contents"/><w:pPr><w:adjustRightInd w:val="off"/><w:spacing/><w:ind/><w:widowControl w:val="off"/><w:supressLineNumbers/><w:pBdr/><w:ind/></w:pPr></w:style><w:style w:styleId="Footnote_20_Symbol" w:type="character"><w:name w:val="Footnote_20_Symbol"/></w:style><w:style w:styleId="Numbering_20_Symbols" w:type="character"><w:name w:val="Numbering_20_Symbols"/></w:style><w:style w:styleId="Bullet_20_Symbols" w:type="character"><w:name w:val="Bullet_20_Symbols"/><w:rPr><w:rFonts w:ascii="StarSymbol" w:h-ansi="StarSymbol" w:fareast="StarSymbol" w:cs="StarSymbol"/><w:sz w:val="18"/></w:rPr></w:style><w:style w:styleId="Endnote_20_Symbol" w:type="character"><w:name w:val="Endnote_20_Symbol"/></w:style><w:style w:styleId="Footnote_20_anchor" w:type="character"><w:name w:val="Footnote_20_anchor"/><w:rPr><w:vertAlign w:val="superscript"/><w:position w:val="0"/></w:rPr></w:style><w:style w:styleId="wFootnote_5f_20_5f_Symbol" w:type="character"><w:name w:val="wFootnote_5f_20_5f_Symbol"/></w:style><w:style w:styleId="wNumbering_5f_20_5f_Symbols" w:type="character"><w:name w:val="wNumbering_5f_20_5f_Symbols"/></w:style><w:style w:styleId="wBullet_5f_20_5f_Symbols" w:type="character"><w:name w:val="wBullet_5f_20_5f_Symbols"/></w:style><w:style w:styleId="wEndnote_5f_20_5f_Symbol" w:type="character"><w:name w:val="wEndnote_5f_20_5f_Symbol"/></w:style><w:style w:styleId="wFootnote_5f_20_5f_anchor" w:type="character"><w:name w:val="wFootnote_5f_20_5f_anchor"/></w:style><w:style w:styleId="wwWW8Num1z0" w:type="character"><w:name w:val="wwWW8Num1z0"/></w:style><w:style w:styleId="wwWW8Num2z0" w:type="character"><w:name w:val="wwWW8Num2z0"/></w:style><w:style w:styleId="wwWW8Num3z0" w:type="character"><w:name w:val="wwWW8Num3z0"/></w:style><w:style w:styleId="wwWW8Num4z0" w:type="character"><w:name w:val="wwWW8Num4z0"/></w:style><w:style w:styleId="wwWW8Num5z0" w:type="character"><w:name w:val="wwWW8Num5z0"/></w:style><w:style w:styleId="wwОсновной_5f_5f_5f_20_5f_5f_5f_шрифт_5f_5f_5f_20_5f_5f_5f_абзаца" w:type="character"><w:name w:val="wwОсновной_5f_5f_5f_20_5f_5f_5f_шрифт_5f_5f_5f_20_5f_5f_5f_абзаца"/></w:style><w:style w:styleId="wwT1" w:type="character"><w:name w:val="wwT1"/></w:style><w:style w:styleId="wwT2" w:type="character"><w:name w:val="wwT2"/></w:style><w:style w:styleId="wwT3" w:type="character"><w:name w:val="wwT3"/></w:style><w:style w:styleId="wwT4" w:type="character"><w:name w:val="wwT4"/><w:rPr><w:b/></w:rPr></w:style><w:style w:styleId="wwT5" w:type="character"><w:name w:val="wwT5"/><w:rPr><w:b/></w:rPr></w:style><w:style w:styleId="wwT6" w:type="character"><w:name w:val="wwT6"/><w:rPr><w:b/></w:rPr></w:style><w:style w:styleId="wwT7" w:type="character"><w:name w:val="wwT7"/><w:rPr><w:b/></w:rPr></w:style><w:style w:styleId="wwT8" w:type="character"><w:name w:val="wwT8"/></w:style><w:style w:styleId="wwT9" w:type="character"><w:name w:val="wwT9"/><w:rPr><w:b/></w:rPr></w:style><w:style w:styleId="wwT10" w:type="character"><w:name w:val="wwT10"/><w:rPr><w:b/></w:rPr></w:style><w:style w:styleId="wwT11" w:type="character"><w:name w:val="wwT11"/></w:style><w:style w:styleId="wwT12" w:type="character"><w:name w:val="wwT12"/></w:style><w:style w:styleId="wwT13" w:type="character"><w:name w:val="wwT13"/></w:style><w:style w:styleId="wwT14" w:type="character"><w:name w:val="wwT14"/></w:style><w:style w:styleId="wwT15" w:type="character"><w:name w:val="wwT15"/></w:style><w:style w:styleId="wwT16" w:type="character"><w:name w:val="wwT16"/></w:style><w:style w:styleId="wwT17" w:type="character"><w:name w:val="wwT17"/></w:style><w:style w:styleId="wwT18" w:type="character"><w:name w:val="wwT18"/></w:style><w:style w:styleId="wwT19" w:type="character"><w:name w:val="wwT19"/></w:style><w:style w:styleId="wwT20" w:type="character"><w:name w:val="wwT20"/></w:style><w:style w:styleId="wwT21" w:type="character"><w:name w:val="wwT21"/></w:style><w:style w:styleId="wwT22" w:type="character"><w:name w:val="wwT22"/></w:style><w:style w:styleId="wwT23" w:type="character"><w:name w:val="wwT23"/></w:style><w:style w:styleId="wwT24" w:type="character"><w:name w:val="wwT24"/></w:style><w:style w:styleId="wwT25" w:type="character"><w:name w:val="wwT25"/></w:style><w:style w:styleId="wwT26" w:type="character"><w:name w:val="wwT26"/></w:style><w:style w:styleId="wwT27" w:type="character"><w:name w:val="wwT27"/></w:style><w:style w:styleId="wwT28" w:type="character"><w:name w:val="wwT28"/></w:style><w:style w:styleId="wwHyperlink" w:type="character"><w:name w:val="wwHyperlink"/></w:style><w:style w:styleId="wwFollowedHyperlink" w:type="character"><w:name w:val="wwFollowedHyperlink"/></w:style><w:style w:styleId="wwCommentReference" w:type="character"><w:name w:val="wwCommentReference"/></w:style><w:style w:styleId="wHyperlink" w:type="character"><w:name w:val="wHyperlink"/></w:style><w:style w:styleId="wFollowedHyperlink" w:type="character"><w:name w:val="wFollowedHyperlink"/></w:style><w:style w:styleId="wCommentReference" w:type="character"><w:name w:val="wCommentReference"/></w:style>
                <w:style w:styleId="Table1" w:type="table"><w:name w:val="Table1"/><w:hidden w:val="on"/><w:tblPr><w:tblInd w:w="0" w:type="dxa"/><w:jc w:val="left"/></w:tblPr></w:style><w:style w:styleId="Table2" w:type="table"><w:name w:val="Table2"/><w:hidden w:val="on"/><w:tblPr><w:tblInd w:w="0" w:type="auto"/><w:jc w:val="left"/></w:tblPr></w:style><w:style w:styleId="Table3" w:type="table"><w:name w:val="Table3"/><w:hidden w:val="on"/><w:tblPr><w:tblInd w:w="0" w:type="dxa"/><w:jc w:val="left"/></w:tblPr></w:style><w:style w:styleId="P1" w:type="paragraph"><w:basedOn w:val="wP4"/><w:name w:val="P1"/><w:hidden w:val="on"/></w:style><w:style w:styleId="P2" w:type="paragraph"><w:basedOn w:val="wP8"/><w:name w:val="P2"/><w:hidden w:val="on"/></w:style><w:style w:styleId="P3" w:type="paragraph"><w:basedOn w:val="wP11"/><w:name w:val="P3"/><w:hidden w:val="on"/></w:style><w:style w:styleId="P4" w:type="paragraph"><w:basedOn w:val="wP6"/><w:name w:val="P4"/><w:hidden w:val="on"/></w:style><w:style w:styleId="P5" w:type="paragraph"><w:basedOn w:val="wP2"/><w:name w:val="P5"/><w:hidden w:val="on"/></w:style><w:style w:styleId="P6" w:type="paragraph"><w:basedOn w:val="wP1"/><w:name w:val="P6"/><w:hidden w:val="on"/></w:style><w:style w:styleId="P7" w:type="paragraph"><w:basedOn w:val="wP5"/><w:name w:val="P7"/><w:hidden w:val="on"/></w:style><w:style w:styleId="P8" w:type="paragraph"><w:basedOn w:val="wP12"/><w:name w:val="P8"/><w:hidden w:val="on"/></w:style><w:style w:styleId="P9" w:type="paragraph"><w:basedOn w:val="wP7"/><w:name w:val="P9"/><w:hidden w:val="on"/><w:pPr><w:adjustRightInd w:val="off"/><w:spacing/><w:ind/><w:widowControl w:val="off"/><w:pBdr/><w:ind/></w:pPr></w:style><w:style w:styleId="P10" w:type="paragraph"><w:basedOn w:val="wP9"/><w:name w:val="P10"/><w:hidden w:val="on"/></w:style><w:style w:styleId="P11" w:type="paragraph"><w:basedOn w:val="wP3"/><w:name w:val="P11"/><w:hidden w:val="on"/></w:style><w:style w:styleId="P12" w:type="paragraph"><w:basedOn w:val="wP10"/><w:name w:val="P12"/><w:hidden w:val="on"/></w:style>
                <w:style w:styleId="Hyperlink" w:type="character"><w:name w:val="Hyperlink"/><w:rsid w:val="006A55B0"/><w:rPr><w:color w:val="000080"/><w:u w:val="single"/></w:rPr></w:style><w:style w:styleId="FollowedHyperlink" w:type="character"><w:name w:val="FollowedHyperlink"/><w:rsid w:val="006A55B0"/><w:rPr><w:color w:val="800000"/><w:u w:val="single"/></w:rPr></w:style>
                
                <w:style w:styleId="CommentReference" w:type="character"><w:name w:val="annotation reference"/><w:basedOn w:val="DefaultParagraphFont"/><w:semiHidden/><w:rsid w:val="007770B7"/><w:rPr><w:sz w:val="16"/><w:sz-cs w:val="16"/></w:rPr></w:style><w:style w:styleId="CommentText" w:type="paragraph"><w:name w:val="annotation text"/><w:basedOn w:val="Normal"/><w:semiHidden/><w:rsid w:val="007770B7"/><w:pPr><w:pStyle w:val="CommentText"/></w:pPr><w:rPr><w:sz w:val="20"/><w:sz-cs w:val="20"/></w:rPr></w:style><w:style w:styleId="CommentSubject" w:type="paragraph"><w:name w:val="annotation subject"/><w:basedOn w:val="CommentText"/><w:next w:val="CommentText"/><w:semiHidden/><w:rsid w:val="007770B7"/><w:pPr><w:pStyle w:val="CommentSubject"/></w:pPr><w:rPr><w:b/><w:b-cs/></w:rPr></w:style>
                
            </w:styles>
            
            <w:docPr><w:displayBackgroundShape/><w:view w:val="print"/><w:zoom w:percent=""/><w:defaultTabStop w:val="720.09"/><w:docVars/></w:docPr>
            <w:body><w:tbl><w:tblPr><w:tblStyle w:val="Table1"/><w:tblW w:w="9597.0422" w:type="dxa"/><w:tblInd w:w="0" w:type="dxa"/><w:jc w:val="left"/></w:tblPr><w:tblGrid><w:gridCol w:w="6755.8051"/><w:gridCol w:w="2841.237"/></w:tblGrid><w:tr><w:trPr/><w:tc><w:tcPr><w:tcW w:type="dxa" w:w="6755.8051"/><w:tcMar/><w:tcBorders><w:top w:val="single" w:sz="0" w:color="000000"/><w:bottom w:val="single" w:sz="0" w:color="000000"/><w:left w:val="single" w:sz="0" w:color="000000"/><w:right w:val="single" w:sz="0" w:color="000000"/></w:tcBorders></w:tcPr><w:tbl><w:tblPr><w:tblStyle w:val="Table2"/><w:tblW w:w="6703.0741" w:type="dxa"/><w:tblInd w:w="0" w:type="auto"/><w:jc w:val="left"/></w:tblPr><w:tblGrid><w:gridCol w:w="1134"/><w:gridCol w:w="158.193"/><w:gridCol w:w="154.791"/><w:gridCol w:w="155.925"/><w:gridCol w:w="158.193"/><w:gridCol w:w="158.193"/><w:gridCol w:w="158.193"/><w:gridCol w:w="155.925"/><w:gridCol w:w="4416.3631"/><w:gridCol w:w="52.731"/></w:tblGrid><w:tr><w:trPr/><w:tc><w:tcPr><w:tcW w:type="dxa" w:w="1134"/><w:gridSpan w:val="9"/><w:tcMar/><w:tcBorders><w:top w:val="single" w:sz="0" w:color="000000"/><w:bottom w:val="single" w:sz="0" w:color="000000"/><w:left w:val="single" w:sz="0" w:color="000000"/><w:right w:val="single" w:sz="0" w:color="000000"/></w:tcBorders></w:tcPr><w:tbl><w:tblPr><w:tblStyle w:val="Table3"/><w:tblW w:w="7026.8311" w:type="dxa"/><w:tblInd w:w="0" w:type="dxa"/><w:jc w:val="left"/></w:tblPr><w:tblGrid><w:gridCol w:w="1969.191"/><w:gridCol w:w="5057.6401"/></w:tblGrid><w:tr><w:trPr/><w:tc><w:tcPr><w:tcW w:type="dxa" w:w="1969.191"/><w:gridSpan w:val="2"/><w:tcMar/><w:tcBorders><w:top w:val="single" w:sz="0" w:color="000000"/><w:bottom w:val="single" w:sz="0" w:color="000000"/><w:left w:val="single" w:sz="0" w:color="000000"/><w:right w:val="none" w:sz="0" w:color="auto"/></w:tcBorders></w:tcPr><w:p><w:pPr><w:pStyle w:val="P9"/></w:pPr><w:r><w:rPr><w:rStyle w:val="wwT2"/></w:rPr><w:t>Назва міністерства</w:t></w:r><w:r><w:rPr><w:rStyle w:val="wwT3"/></w:rPr><w:t>, </w:t></w:r><w:r><w:rPr><w:rStyle w:val="wwT2"/></w:rPr><w:t>іншого центрального органу виконавчої влади</w:t></w:r><w:r><w:rPr><w:rStyle w:val="wwT3"/></w:rPr><w:t>, </w:t></w:r><w:r><w:rPr><w:rStyle w:val="wwT2"/></w:rPr><w:t>у сфері управління яких перебуває заклад</w:t></w:r></w:p></w:tc></w:tr><w:tr><w:trPr/><w:tc><w:tcPr><w:tcW w:type="dxa" w:w="1969.191"/><w:gridSpan w:val="2"/><w:tcMar/><w:tcBorders><w:top w:val="single" w:sz="0" w:color="000000"/><w:bottom w:val="single" w:sz="0" w:color="000000"/><w:left w:val="single" w:sz="0" w:color="000000"/><w:right w:val="none" w:sz="0" w:color="auto"/></w:tcBorders></w:tcPr><w:p><w:pPr><w:pStyle w:val="wwP4"/></w:pPr><w:r><w:t>[Header.DepartmentName]</w:t></w:r></w:p></w:tc></w:tr><w:tr><w:trPr/><w:tc><w:tcPr><w:tcW w:type="dxa" w:w="1969.191"/><w:gridSpan w:val="2"/><w:tcMar/><w:tcBorders><w:top w:val="single" w:sz="0" w:color="000000"/><w:bottom w:val="single" w:sz="0" w:color="000000"/><w:left w:val="single" w:sz="0" w:color="000000"/><w:right w:val="none" w:sz="0" w:color="auto"/></w:tcBorders></w:tcPr><w:p><w:pPr><w:pStyle w:val="wwP14"/></w:pPr><w:r><w:rPr><w:rStyle w:val="wwT2"/></w:rPr><w:t>Найменуваннятаповнаадресазакладу</w:t></w:r></w:p></w:tc></w:tr><w:tr><w:trPr/><w:tc><w:tcPr><w:tcW w:type="dxa" w:w="1969.191"/><w:gridSpan w:val="2"/><w:tcMar/><w:tcBorders><w:top w:val="single" w:sz="0" w:color="000000"/><w:bottom w:val="single" w:sz="0" w:color="000000"/><w:left w:val="single" w:sz="0" w:color="000000"/><w:right w:val="none" w:sz="0" w:color="auto"/></w:tcBorders></w:tcPr><w:p><w:pPr><w:pStyle w:val="wwP4"/></w:pPr><w:r><w:t>[Header.DepartmentAddress]</w:t></w:r></w:p></w:tc></w:tr><w:tr><w:trPr/><w:tc><w:tcPr><w:tcW w:type="dxa" w:w="1969.191"/><w:tcMar/><w:tcBorders><w:top w:val="single" w:sz="0" w:color="000000"/><w:bottom w:val="none" w:sz="0" w:color="auto"/><w:left w:val="single" w:sz="0" w:color="000000"/><w:right w:val="none" w:sz="0" w:color="auto"/></w:tcBorders></w:tcPr><w:p><w:pPr><w:pStyle w:val="wwP4"/></w:pPr></w:p></w:tc><w:tc><w:tcPr><w:tcW w:type="dxa" w:w="5057.6401"/><w:tcMar/><w:tcBorders><w:top w:val="single" w:sz="0" w:color="000000"/><w:bottom w:val="single" w:sz="0" w:color="000000"/><w:left w:val="none" w:sz="0" w:color="auto"/><w:right w:val="none" w:sz="0" w:color="auto"/></w:tcBorders></w:tcPr><w:p><w:pPr><w:pStyle w:val="wwP4"/></w:pPr></w:p></w:tc></w:tr></w:tbl><w:p/><w:p><w:pPr><w:pStyle w:val="Standard"/></w:pPr></w:p><w:p><w:pPr><w:pStyle w:val="wStandard"/></w:pPr></w:p></w:tc><w:tc><w:tcPr><w:tcW w:type="dxa" w:w="158.193"/><w:tcMar/><w:tcBorders><w:top w:val="none" w:sz="0" w:color="auto"/><w:bottom w:val="none" w:sz="0" w:color="auto"/><w:left w:val="none" w:sz="0" w:color="auto"/><w:right w:val="none" w:sz="0" w:color="auto"/></w:tcBorders></w:tcPr><w:p><w:pPr><w:pStyle w:val="wwP4"/></w:pPr></w:p><w:p><w:pPr><w:pStyle w:val="wwP4"/></w:pPr></w:p><w:p><w:pPr><w:pStyle w:val="wwP3"/></w:pPr></w:p><w:p><w:pPr><w:pStyle w:val="wwP14"/></w:pPr></w:p><w:p><w:pPr><w:pStyle w:val="wwP13"/></w:pPr></w:p><w:p><w:pPr><w:pStyle w:val="wwP4"/></w:pPr></w:p><w:p><w:pPr><w:pStyle w:val="wwP3"/></w:pPr></w:p><w:p><w:pPr><w:pStyle w:val="wwP4"/></w:pPr></w:p><w:p><w:pPr><w:pStyle w:val="wwP3"/></w:pPr></w:p></w:tc></w:tr><w:tr><w:trPr/><w:tc><w:tcPr><w:tcW w:type="dxa" w:w="1134"/><w:tcMar/><w:tcBorders><w:top w:val="single" w:sz="0" w:color="000000"/><w:bottom w:val="single" w:sz="0" w:color="000000"/><w:left w:val="single" w:sz="0" w:color="000000"/><w:right w:val="none" w:sz="0" w:color="auto"/></w:tcBorders></w:tcPr><w:p><w:pPr><w:pStyle w:val="wwP15"/></w:pPr><w:r><w:rPr><w:rStyle w:val="wwT2"/></w:rPr><w:t>ІдентифікаційнийкодзаЄДРПОУ</w:t></w:r></w:p></w:tc><w:tc><w:tcPr><w:tcW w:type="dxa" w:w="158.193"/><w:tcMar/><w:tcBorders><w:top w:val="single" w:sz="0" w:color="000000"/><w:bottom w:val="single" w:sz="0" w:color="000000"/><w:left w:val="single" w:sz="0" w:color="000000"/><w:right w:val="none" w:sz="0" w:color="auto"/></w:tcBorders></w:tcPr><w:p><w:pPr><w:pStyle w:val="wwP4"/></w:pPr><w:r><w:t>[Header.IdentifierN1]</w:t></w:r></w:p></w:tc><w:tc><w:tcPr><w:tcW w:type="dxa" w:w="154.791"/><w:tcMar/><w:tcBorders><w:top w:val="single" w:sz="0" w:color="000000"/><w:bottom w:val="single" w:sz="0" w:color="000000"/><w:left w:val="single" w:sz="0" w:color="000000"/><w:right w:val="none" w:sz="0" w:color="auto"/></w:tcBorders></w:tcPr><w:p><w:pPr><w:pStyle w:val="wwP4"/></w:pPr><w:r><w:t>[Header.IdentifierN2]</w:t></w:r></w:p></w:tc><w:tc><w:tcPr><w:tcW w:type="dxa" w:w="155.925"/><w:tcMar/><w:tcBorders><w:top w:val="single" w:sz="0" w:color="000000"/><w:bottom w:val="single" w:sz="0" w:color="000000"/><w:left w:val="single" w:sz="0" w:color="000000"/><w:right w:val="none" w:sz="0" w:color="auto"/></w:tcBorders></w:tcPr><w:p><w:pPr><w:pStyle w:val="wwP4"/></w:pPr><w:r><w:t>[Header.IdentifierN3]</w:t></w:r></w:p></w:tc><w:tc><w:tcPr><w:tcW w:type="dxa" w:w="158.193"/><w:tcMar/><w:tcBorders><w:top w:val="single" w:sz="0" w:color="000000"/><w:bottom w:val="single" w:sz="0" w:color="000000"/><w:left w:val="single" w:sz="0" w:color="000000"/><w:right w:val="none" w:sz="0" w:color="auto"/></w:tcBorders></w:tcPr><w:p><w:pPr><w:pStyle w:val="wwP4"/></w:pPr><w:r><w:t>[Header.IdentifierN4]</w:t></w:r></w:p></w:tc><w:tc><w:tcPr><w:tcW w:type="dxa" w:w="158.193"/><w:tcMar/><w:tcBorders><w:top w:val="single" w:sz="0" w:color="000000"/><w:bottom w:val="single" w:sz="0" w:color="000000"/><w:left w:val="single" w:sz="0" w:color="000000"/><w:right w:val="none" w:sz="0" w:color="auto"/></w:tcBorders></w:tcPr><w:p><w:pPr><w:pStyle w:val="wwP4"/></w:pPr><w:r><w:t>[Header.IdentifierN5]</w:t></w:r></w:p></w:tc><w:tc><w:tcPr><w:tcW w:type="dxa" w:w="158.193"/><w:tcMar/><w:tcBorders><w:top w:val="single" w:sz="0" w:color="000000"/><w:bottom w:val="single" w:sz="0" w:color="000000"/><w:left w:val="single" w:sz="0" w:color="000000"/><w:right w:val="none" w:sz="0" w:color="auto"/></w:tcBorders></w:tcPr><w:p><w:pPr><w:pStyle w:val="wwP4"/></w:pPr><w:r><w:t>[Header.IdentifierN6]</w:t></w:r></w:p></w:tc><w:tc><w:tcPr><w:tcW w:type="dxa" w:w="155.925"/><w:tcMar/><w:tcBorders><w:top w:val="single" w:sz="0" w:color="000000"/><w:bottom w:val="single" w:sz="0" w:color="000000"/><w:left w:val="single" w:sz="0" w:color="000000"/><w:right w:val="none" w:sz="0" w:color="auto"/></w:tcBorders></w:tcPr><w:p><w:pPr><w:pStyle w:val="wwP4"/></w:pPr><w:r><w:t>[Header.IdentifierN7]</w:t></w:r></w:p></w:tc><w:tc><w:tcPr><w:tcW w:type="dxa" w:w="4416.3631"/><w:tcMar/><w:tcBorders><w:top w:val="single" w:sz="0" w:color="000000"/><w:bottom w:val="single" w:sz="0" w:color="000000"/><w:left w:val="single" w:sz="0" w:color="000000"/><w:right w:val="none" w:sz="0" w:color="auto"/></w:tcBorders></w:tcPr><w:p><w:pPr><w:pStyle w:val="wwP4"/></w:pPr><w:r><w:t>[Header.IdentifierN8]</w:t></w:r></w:p></w:tc><w:tc><w:tcPr><w:tcW w:type="dxa" w:w="52.731"/><w:tcMar/><w:tcBorders><w:top w:val="none" w:sz="0" w:color="auto"/><w:bottom w:val="none" w:sz="0" w:color="auto"/><w:left w:val="single" w:sz="0" w:color="000000"/><w:right w:val="none" w:sz="0" w:color="auto"/></w:tcBorders></w:tcPr><w:p><w:pPr><w:pStyle w:val="wwP4"/></w:pPr></w:p></w:tc></w:tr><w:tr><w:trPr/><w:tc><w:tcPr><w:tcW w:type="dxa" w:w="1134"/><w:tcMar/><w:tcBorders><w:top w:val="single" w:sz="0" w:color="000000"/><w:bottom w:val="single" w:sz="0" w:color="000000"/><w:left w:val="single" w:sz="0" w:color="000000"/><w:right w:val="none" w:sz="0" w:color="auto"/></w:tcBorders></w:tcPr><w:p><w:pPr><w:pStyle w:val="wwP4"/></w:pPr></w:p></w:tc><w:tc><w:tcPr><w:tcW w:type="dxa" w:w="158.193"/><w:gridSpan w:val="8"/><w:tcMar/><w:tcBorders><w:top w:val="single" w:sz="0" w:color="000000"/><w:bottom w:val="single" w:sz="0" w:color="000000"/><w:left w:val="none" w:sz="0" w:color="auto"/><w:right w:val="none" w:sz="0" w:color="auto"/></w:tcBorders></w:tcPr><w:p><w:pPr><w:pStyle w:val="wwP4"/></w:pPr></w:p></w:tc><w:tc><w:tcPr><w:tcW w:type="dxa" w:w="154.791"/><w:tcMar/><w:tcBorders><w:top w:val="none" w:sz="0" w:color="auto"/><w:bottom w:val="single" w:sz="0" w:color="000000"/><w:left w:val="none" w:sz="0" w:color="auto"/><w:right w:val="none" w:sz="0" w:color="auto"/></w:tcBorders></w:tcPr><w:p><w:pPr><w:pStyle w:val="wwP4"/></w:pPr></w:p></w:tc></w:tr></w:tbl><w:p/><w:p><w:pPr><w:pStyle w:val="Standard"/></w:pPr></w:p><w:p><w:pPr><w:pStyle w:val="wStandard"/></w:pPr></w:p></w:tc><w:tc><w:tcPr><w:tcW w:type="dxa" w:w="2841.237"/><w:tcMar/><w:tcBorders><w:top w:val="none" w:sz="0" w:color="auto"/><w:bottom w:val="none" w:sz="0" w:color="auto"/><w:left w:val="none" w:sz="0" w:color="auto"/><w:right w:val="none" w:sz="0" w:color="auto"/></w:tcBorders></w:tcPr><w:p><w:pPr><w:pStyle w:val="wwP11"/></w:pPr><w:r><w:rPr><w:rStyle w:val="wwT4"/></w:rPr><w:t>Медична документація</w:t></w:r></w:p><w:p><w:pPr><w:pStyle w:val="wwP5"/></w:pPr><w:r><w:rPr><w:rStyle w:val="wwT2"/></w:rPr><w:t>Форма первинної</w:t></w:r></w:p><w:p><w:pPr><w:pStyle w:val="wwP5"/></w:pPr><w:r><w:rPr><w:rStyle w:val="wwT2"/></w:rPr><w:t>облікової документації</w:t></w:r></w:p><w:p><w:pPr><w:pStyle w:val="wwP5"/></w:pPr><w:r><w:rPr><w:rStyle w:val="wwT2"/></w:rPr><w:t>№</w:t></w:r><w:r><w:rPr><w:rStyle w:val="wwT3"/></w:rPr><w:t>113/</w:t></w:r><w:r><w:rPr><w:rStyle w:val="wwT2"/></w:rPr><w:t>о</w:t></w:r></w:p><w:p><w:pPr><w:pStyle w:val="wwP12"/></w:pPr><w:r><w:t>Затверджено</w:t></w:r></w:p><w:p><w:pPr><w:pStyle w:val="wwP10"/></w:pPr><w:r><w:rPr><w:rStyle w:val="wwT2"/></w:rPr><w:t>НаказМОЗУкраїни</w:t></w:r></w:p><w:p><w:pPr><w:pStyle w:val="wwP10"/></w:pPr><w:r><w:rPr><w:rStyle w:val="wwT3"/></w:rPr><w:t>13.02.2006 </w:t></w:r><w:r><w:rPr><w:rStyle w:val="wwT2"/></w:rPr><w:t>№</w:t></w:r><w:r><w:rPr><w:rStyle w:val="wwT3"/></w:rPr><w:t>67</w:t></w:r></w:p><w:p><w:pPr><w:pStyle w:val="wwP4"/></w:pPr></w:p><w:p><w:pPr><w:pStyle w:val="wwP3"/></w:pPr></w:p><w:p><w:pPr><w:pStyle w:val="wwP14"/></w:pPr></w:p><w:p><w:pPr><w:pStyle w:val="wwP13"/></w:pPr></w:p><w:p><w:pPr><w:pStyle w:val="wwP4"/></w:pPr></w:p><w:p><w:pPr><w:pStyle w:val="wwP3"/></w:pPr></w:p><w:p><w:pPr><w:pStyle w:val="wwP4"/></w:pPr></w:p><w:p><w:pPr><w:pStyle w:val="wwP3"/></w:pPr></w:p><w:p><w:pPr><w:pStyle w:val="wwP4"/></w:pPr></w:p><w:p><w:pPr><w:pStyle w:val="wwP3"/></w:pPr></w:p><w:p><w:pPr><w:pStyle w:val="wwP4"/></w:pPr></w:p><w:p><w:pPr><w:pStyle w:val="wwP3"/></w:pPr></w:p></w:tc></w:tr></w:tbl><w:p><w:pPr><w:pStyle w:val="wwP16"/></w:pPr><w:r><w:rPr><w:rStyle w:val="wwT6"/></w:rPr><w:t>ОБМІННАКАРТА</w:t></w:r></w:p><w:p><w:pPr><w:pStyle w:val="wwP17"/></w:pPr><w:r><w:rPr><w:rStyle w:val="wwT9"/></w:rPr><w:t>пологовогобудинку</w:t></w:r><w:r><w:rPr><w:rStyle w:val="wwT10"/></w:rPr><w:t>, </w:t></w:r><w:r><w:rPr><w:rStyle w:val="wwT9"/></w:rPr><w:t>пологовоговідділеннялікарні</w:t></w:r></w:p><w:p><w:pPr><w:pStyle w:val="wwP18"/></w:pPr><w:r><w:rPr><w:rStyle w:val="wwT6"/></w:rPr><w:t>ТАЛОН</w:t></w:r><w:r><w:rPr><w:rStyle w:val="wwT7"/></w:rPr><w:t> 2. </w:t></w:r><w:r><w:rPr><w:rStyle w:val="wwT6"/></w:rPr><w:t>Відомостіпологовогобудинку</w:t></w:r><w:r><w:rPr><w:rStyle w:val="wwT7"/></w:rPr><w:t>, </w:t></w:r><w:r><w:rPr><w:rStyle w:val="wwT6"/></w:rPr><w:t>пологовоговідділеннялікарніпропороділлю</w:t></w:r></w:p><w:p><w:pPr><w:pStyle w:val="P3"/><w:listPr><w:ilvl w:val="0"/><w:ilfo w:val="2"/></w:listPr></w:pPr><w:r><w:rPr><w:rStyle w:val="wwT12"/></w:rPr><w:t>Прізвище</w:t></w:r><w:r><w:rPr><w:rStyle w:val="wwT11"/></w:rPr><w:t>, </w:t></w:r><w:r><w:rPr><w:rStyle w:val="wwT12"/></w:rPr><w:t>ім</w:t></w:r><w:r><w:rPr><w:rStyle w:val="wwT11"/></w:rPr><w:t>'</w:t></w:r><w:r><w:rPr><w:rStyle w:val="wwT12"/></w:rPr><w:t>я</w:t></w:r><w:r><w:rPr><w:rStyle w:val="wwT11"/></w:rPr><w:t>, </w:t></w:r><w:r><w:rPr><w:rStyle w:val="wwT12"/></w:rPr><w:t>по</w:t></w:r><w:r><w:rPr><w:rStyle w:val="wwT11"/></w:rPr><w:t>-</w:t></w:r><w:r><w:rPr><w:rStyle w:val="wwT12"/></w:rPr><w:t>батьковіпороділлі</w:t></w:r><w:r><w:rPr><w:rStyle w:val="wwT11"/></w:rPr><w:t> __[Mather.FirstName] [Mather.MiddleName] </w:t></w:r><w:r><w:rPr><w:rStyle w:val="wwT11"/></w:rPr><w:t>  </w:t></w:r><w:r><w:rPr><w:rStyle w:val="wwT11"/></w:rPr><w:t>[Mather.LastName]</w:t></w:r></w:p><w:p><w:pPr><w:pStyle w:val="P4"/><w:listPr><w:ilvl w:val="0"/><w:ilfo w:val="2"/></w:listPr></w:pPr><w:r><w:rPr><w:rStyle w:val="wwT13"/></w:rPr><w:t>Вік [Mather.Age]</w:t></w:r><w:r><w:rPr><w:rStyle w:val="wwT14"/></w:rPr><w:t>3. </w:t></w:r><w:r><w:rPr><w:rStyle w:val="wwT15"/></w:rPr><w:t>Місцепроживання</w:t></w:r><w:r><w:rPr><w:rStyle w:val="wwT8"/></w:rPr><w:t>[Mather.Address]</w:t></w:r></w:p><w:p><w:pPr><w:pStyle w:val="wwP1"/></w:pPr></w:p><w:p><w:pPr><w:pStyle w:val="P2"/><w:listPr><w:ilvl w:val="0"/><w:ilfo w:val="3"/></w:listPr></w:pPr><w:r><w:rPr><w:rStyle w:val="wwT18"/></w:rPr><w:t>Пологивідбулися</w:t></w:r><w:r><w:rPr><w:rStyle w:val="wwT17"/></w:rPr><w:t> (</w:t></w:r><w:r><w:rPr><w:rStyle w:val="wwT18"/></w:rPr><w:t>число</w:t></w:r><w:r><w:rPr><w:rStyle w:val="wwT17"/></w:rPr><w:t>, </w:t></w:r><w:r><w:rPr><w:rStyle w:val="wwT18"/></w:rPr><w:t>місяць</w:t></w:r><w:r><w:rPr><w:rStyle w:val="wwT17"/></w:rPr><w:t>, </w:t></w:r><w:r><w:rPr><w:rStyle w:val="wwT18"/></w:rPr><w:t>рік</w:t></w:r><w:r><w:rPr><w:rStyle w:val="wwT17"/></w:rPr><w:t>) [Child.BornDay].[Child.BornMonth].[Child.BornYear]</w:t></w:r></w:p><w:p><w:pPr><w:pStyle w:val="P1"/><w:listPr><w:ilvl w:val="0"/><w:ilfo w:val="3"/></w:listPr></w:pPr><w:r><w:rPr><w:rStyle w:val="wwT18"/></w:rPr><w:t>Відякоївагітностізарахункомнародиласьдитина [Mother.BornCount]</w:t></w:r></w:p><w:p><w:pPr><w:pStyle w:val="wwP25"/></w:pPr><w:r><w:rPr><w:rStyle w:val="wwT15"/></w:rPr><w:t>зтерміномвагітності [Child.OnMatherWeeks]</w:t></w:r><w:r><w:rPr><w:rStyle w:val="wwT12"/></w:rPr><w:t>тижнів</w:t></w:r><w:r><w:rPr><w:rStyle w:val="wwT11"/></w:rPr><w:t>.</w:t></w:r></w:p><w:p><w:pPr><w:pStyle w:val="wwP26"/></w:pPr><w:r><w:rPr><w:rStyle w:val="wwT18"/></w:rPr><w:t>Попереднівагітностізакінчилися</w:t></w:r><w:r><w:rPr><w:rStyle w:val="wwT17"/></w:rPr><w:t>: </w:t></w:r><w:r><w:rPr><w:rStyle w:val="wwT18"/></w:rPr><w:t>абортами</w:t></w:r><w:r><w:rPr><w:rStyle w:val="wwT17"/></w:rPr><w:t>, (</w:t></w:r><w:r><w:rPr><w:rStyle w:val="wwT18"/></w:rPr><w:t>штучними</w:t></w:r><w:r><w:rPr><w:rStyle w:val="wwT17"/></w:rPr><w:t>, </w:t></w:r><w:r><w:rPr><w:rStyle w:val="wwT18"/></w:rPr><w:t>самовільними</w:t></w:r><w:r><w:rPr><w:rStyle w:val="wwT17"/></w:rPr><w:t>)</w:t></w:r><w:r><w:rPr><w:rStyle w:val="wwT17"/></w:rPr><w:br w:clear="all" w:type="text-wrapping"/></w:r><w:r><w:rPr><w:rStyle w:val="wwT18"/></w:rPr><w:t>пологами [Mother.ChildHistory]</w:t></w:r><w:r><w:rPr><w:rStyle w:val="wwT11"/></w:rPr><w:t>, </w:t></w:r><w:r><w:rPr><w:rStyle w:val="wwT12"/></w:rPr><w:t>ут</w:t></w:r><w:r><w:rPr><w:rStyle w:val="wwT11"/></w:rPr><w:t>.</w:t></w:r><w:r><w:rPr><w:rStyle w:val="wwT12"/></w:rPr><w:t>ч</w:t></w:r><w:r><w:rPr><w:rStyle w:val="wwT11"/></w:rPr><w:t>. </w:t></w:r><w:r><w:rPr><w:rStyle w:val="wwT12"/></w:rPr><w:t>змертвимплодом</w:t></w:r><w:r><w:rPr><w:rStyle w:val="wwT11"/></w:rPr><w:t>.</w:t></w:r></w:p><w:p><w:pPr><w:pStyle w:val="P10"/><w:listPr><w:ilvl w:val="0"/><w:ilfo w:val="4"/></w:listPr></w:pPr><w:r><w:rPr><w:rStyle w:val="wwT18"/></w:rPr><w:t>Пологиодноплідні</w:t></w:r><w:r><w:rPr><w:rStyle w:val="wwT17"/></w:rPr><w:t>, </w:t></w:r><w:r><w:rPr><w:rStyle w:val="wwT18"/></w:rPr><w:t>багатоплідні</w:t></w:r><w:r><w:rPr><w:rStyle w:val="wwT17"/></w:rPr><w:t> (</w:t></w:r><w:r><w:rPr><w:rStyle w:val="wwT18"/></w:rPr><w:t>підкреслити</w:t></w:r><w:r><w:rPr><w:rStyle w:val="wwT17"/></w:rPr><w:t>); </w:t></w:r><w:r><w:rPr><w:rStyle w:val="wwT18"/></w:rPr><w:t>прибагаропліднихпологахнародилася </w:t></w:r><w:r><w:rPr><w:rStyle w:val="wwT8"/></w:rPr><w:t> </w:t></w:r><w:r><w:rPr><w:rStyle w:val="wwT18"/></w:rPr><w:t>зарахунком</w:t></w:r><w:r><w:rPr><w:rStyle w:val="wwT17"/></w:rPr><w:t>. [Child.BornNumber]</w:t></w:r></w:p><w:p><w:pPr><w:pStyle w:val="P5"/><w:listPr><w:ilvl w:val="0"/><w:ilfo w:val="4"/></w:listPr></w:pPr><w:r><w:rPr><w:rStyle w:val="wwT18"/></w:rPr><w:t>Особливостіперебіг</w:t></w:r><w:r><w:rPr><w:rStyle w:val="wwT17"/></w:rPr><w:t>/ </w:t></w:r><w:r><w:rPr><w:rStyle w:val="wwT18"/></w:rPr><w:t>пологів</w:t></w:r><w:r><w:rPr><w:rStyle w:val="wwT17"/></w:rPr><w:t> (</w:t></w:r><w:r><w:rPr><w:rStyle w:val="wwT18"/></w:rPr><w:t>тривалість</w:t></w:r><w:r><w:rPr><w:rStyle w:val="wwT17"/></w:rPr><w:t>, </w:t></w:r><w:r><w:rPr><w:rStyle w:val="wwT18"/></w:rPr><w:t>ускладненнявпологахуматерііплоду</w:t></w:r><w:r><w:rPr><w:rStyle w:val="wwT17"/></w:rPr><w:t>)</w:t></w:r></w:p><w:p><w:pPr><w:pStyle w:val="P5"/><w:listPr><w:ilvl w:val="0"/><w:ilfo w:val="4"/></w:listPr></w:pPr><w:r><w:rPr><w:rStyle w:val="wwT15"/></w:rPr><w:t>Знеболювання</w:t></w:r><w:r><w:rPr><w:rStyle w:val="wwT14"/></w:rPr><w:t>: </w:t></w:r><w:r><w:rPr><w:rStyle w:val="wwT15"/></w:rPr><w:t>застосувалося</w:t></w:r><w:r><w:rPr><w:rStyle w:val="wwT14"/></w:rPr><w:t>, </w:t></w:r><w:r><w:rPr><w:rStyle w:val="wwT15"/></w:rPr><w:t>ні</w:t></w:r><w:r><w:rPr><w:rStyle w:val="wwT14"/></w:rPr><w:t> (</w:t></w:r><w:r><w:rPr><w:rStyle w:val="wwT15"/></w:rPr><w:t>підкреслити</w:t></w:r><w:r><w:rPr><w:rStyle w:val="wwT14"/></w:rPr><w:t>), </w:t></w:r><w:r><w:rPr><w:rStyle w:val="wwT15"/></w:rPr><w:t>яке</w:t></w:r><w:r><w:rPr><w:rStyle w:val="wwT14"/></w:rPr><w:t>, </w:t></w:r><w:r><w:rPr><w:rStyle w:val="wwT15"/></w:rPr><w:t>ефективність</w:t></w:r></w:p><w:p><w:pPr><w:pStyle w:val="P5"/><w:listPr><w:ilvl w:val="0"/><w:ilfo w:val="4"/></w:listPr></w:pPr><w:r><w:rPr><w:rStyle w:val="wwT15"/></w:rPr><w:t>ПологипартнерськітакІ</w:t></w:r><w:r><w:rPr><w:rStyle w:val="wwT14"/></w:rPr><w:t>   </w:t></w:r><w:r><w:rPr><w:rStyle w:val="wwT15"/></w:rPr><w:t>І</w:t></w:r><w:r><w:rPr><w:rStyle w:val="wwT14"/></w:rPr><w:t>, </w:t></w:r><w:r><w:rPr><w:rStyle w:val="wwT15"/></w:rPr><w:t>ніІ</w:t></w:r><w:r><w:rPr><w:rStyle w:val="wwT14"/></w:rPr><w:t>   </w:t></w:r><w:r><w:rPr><w:rStyle w:val="wwT16"/></w:rPr><w:t>І</w:t></w:r></w:p><w:p><w:pPr><w:pStyle w:val="wwP1"/></w:pPr></w:p><w:p><w:pPr><w:pStyle w:val="P6"/><w:listPr><w:ilvl w:val="0"/><w:ilfo w:val="5"/></w:listPr></w:pPr><w:r><w:rPr><w:rStyle w:val="wwT15"/></w:rPr><w:t>Перебігпісляпологовогоперіоду</w:t></w:r><w:r><w:rPr><w:rStyle w:val="wwT14"/></w:rPr><w:t> (</w:t></w:r><w:r><w:rPr><w:rStyle w:val="wwT15"/></w:rPr><w:t>захворювання</w:t></w:r><w:r><w:rPr><w:rStyle w:val="wwT14"/></w:rPr><w:t>) [Mother.CurrentHistory]</w:t></w:r></w:p><w:p><w:pPr><w:pStyle w:val="P6"/><w:listPr><w:ilvl w:val="0"/><w:ilfo w:val="5"/></w:listPr></w:pPr><w:r><w:rPr><w:rStyle w:val="wwT18"/></w:rPr><w:t>Виписанана</w:t></w:r><w:r><w:rPr><w:rStyle w:val="wwT8"/></w:rPr><w:t> _[Mother.HoldDays]____ </w:t></w:r><w:r><w:rPr><w:rStyle w:val="wwT18"/></w:rPr><w:t>деньпісляпологів</w:t></w:r></w:p><w:p><w:pPr><w:pStyle w:val="P12"/><w:listPr><w:ilvl w:val="0"/><w:ilfo w:val="5"/></w:listPr></w:pPr><w:r><w:rPr><w:rStyle w:val="wwT18"/></w:rPr><w:t>Станматеріпривиписці</w:t></w:r><w:r><w:rPr><w:rStyle w:val="wwT17"/></w:rPr><w:t>: [Mother.State]</w:t></w:r></w:p><w:p><w:pPr><w:pStyle w:val="wwP6"/></w:pPr><w:r><w:rPr><w:rStyle w:val="wwT19"/></w:rPr><w:t>13.</w:t></w:r><w:r><w:rPr><w:rStyle w:val="wwT21"/></w:rPr><w:t>Стандитинипринародженні</w:t></w:r><w:r><w:rPr><w:rStyle w:val="wwT22"/></w:rPr><w:t>:</w:t></w:r></w:p><w:p><w:pPr><w:pStyle w:val="wwP30"/></w:pPr><w:r><w:rPr><w:rStyle w:val="wwT23"/></w:rPr><w:t>впологовомубудинку</w:t></w:r><w:r><w:rPr><w:rStyle w:val="wwT24"/></w:rPr><w:t> [Child.HospitalState]</w:t></w:r></w:p><w:p><w:pPr><w:pStyle w:val="wwP31"/></w:pPr><w:r><w:rPr><w:rStyle w:val="wwT25"/></w:rPr><w:t>привиписці [Child.CurrentState]</w:t></w:r></w:p><w:p><w:pPr><w:pStyle w:val="P11"/><w:listPr><w:ilvl w:val="0"/><w:ilfo w:val="6"/></w:listPr></w:pPr><w:r><w:rPr><w:rStyle w:val="wwT18"/></w:rPr><w:t>Вагадитини</w:t></w:r><w:r><w:rPr><w:rStyle w:val="wwT17"/></w:rPr><w:t>: </w:t></w:r><w:r><w:rPr><w:rStyle w:val="wwT18"/></w:rPr><w:t>принародженні</w:t></w:r><w:r><w:rPr><w:rStyle w:val="wwT17"/></w:rPr><w:t> [Child.BornWeight]</w:t></w:r><w:r><w:rPr><w:rStyle w:val="wwT11"/></w:rPr><w:t>___ </w:t></w:r><w:r><w:rPr><w:rStyle w:val="wwT12"/></w:rPr><w:t>привиписці</w:t></w:r><w:r><w:rPr><w:rStyle w:val="wwT11"/></w:rPr><w:t> [Child.CurrentWeight]</w:t></w:r></w:p><w:p><w:pPr><w:pStyle w:val="P8"/><w:listPr><w:ilvl w:val="0"/><w:ilfo w:val="6"/></w:listPr></w:pPr><w:r><w:rPr><w:rStyle w:val="wwT28"/></w:rPr><w:t>Зрістдитини принародженні</w:t></w:r><w:r><w:rPr><w:rStyle w:val="wwT27"/></w:rPr><w:t> [Child.BornHeight]</w:t></w:r><w:r><w:rPr><w:rStyle w:val="wwT8"/></w:rPr><w:t>_</w:t></w:r></w:p><w:p><w:pPr><w:pStyle w:val="P7"/><w:listPr><w:ilvl w:val="0"/><w:ilfo w:val="6"/></w:listPr></w:pPr><w:r><w:rPr><w:rStyle w:val="wwT18"/></w:rPr><w:t>Чипотребує</w:t></w:r><w:r><w:rPr><w:rStyle w:val="wwT17"/></w:rPr><w:t>; </w:t></w:r><w:r><w:rPr><w:rStyle w:val="wwT18"/></w:rPr><w:t>млшпатронаж</w:t></w:r><w:r><w:rPr><w:rStyle w:val="wwT17"/></w:rPr><w:t>: </w:t></w:r><w:r><w:rPr><w:rStyle w:val="wwT18"/></w:rPr><w:t>так</w:t></w:r><w:r><w:rPr><w:rStyle w:val="wwT17"/></w:rPr><w:t>, </w:t></w:r><w:r><w:rPr><w:rStyle w:val="wwT18"/></w:rPr><w:t>ні</w:t></w:r><w:r><w:rPr><w:rStyle w:val="wwT17"/></w:rPr><w:t> (</w:t></w:r><w:r><w:rPr><w:rStyle w:val="wwT18"/></w:rPr><w:t>підкреслити</w:t></w:r><w:r><w:rPr><w:rStyle w:val="wwT17"/></w:rPr><w:t>), </w:t></w:r><w:r><w:rPr><w:rStyle w:val="wwT18"/></w:rPr><w:t>показання [Child.Recomendation]</w:t></w:r></w:p><w:p><w:pPr><w:pStyle w:val="P7"/><w:listPr><w:ilvl w:val="0"/><w:ilfo w:val="6"/></w:listPr></w:pPr><w:r><w:rPr><w:rStyle w:val="wwT12"/></w:rPr><w:t>Особливізауваження [Child.Other]</w:t></w:r></w:p><w:sectPr><w:type w:val="next-page"/><w:pgSz w:w="16839.3333" w:h="11906.4332" w:orient="landscape"/><w:pgMar w:top="567" w:bottom="567" w:left="567" w:gutter="0" w:right="7854.0841"/><w:pgBorders w:offset-from="text"/><w:cols w:num="1" w:space="0" w:equalWidth="on"/></w:sectPr></w:body>
        </w:wordDocument>