<?xml version="1.0" encoding="UTF-8" standalone="yes"?><?mso-application progid="Word.Document"?>
<w:wordDocument xmlns:w="http://schemas.microsoft.com/office/word/2003/wordml" xmlns:number="urn:oasis:names:tc:opendocument:xmlns:datastyle:1.0" xmlns:w10="urn:schemas-microsoft-com:office:word" xmlns:v="urn:schemas-microsoft-com:vml" xmlns:dt="uuid:C2F41010-65B3-11d1-A29F-00AA00C14882" xmlns:aml="http://schemas.microsoft.com/aml/2001/core" xmlns:o="urn:schemas-microsoft-com:office:office" xmlns:wx="http://schemas.microsoft.com/office/word/2003/auxHint" xmlns:fo="urn:oasis:names:tc:opendocument:xmlns:xsl-fo-compatible:1.0" w:embeddedObjPresent="no" xml:space="preserve">
            <o:DocumentProperties><o:Title/><o:Subject/><o:Keywords/><o:Description/><o:Category/><o:Author>Fabler</o:Author><o:LastAuthor>Eugene Pirogov</o:LastAuthor><o:Manager/><o:Company/><o:HyperlinkBase/><o:Revision>14</o:Revision><o:TotalTime>9</o:TotalTime><o:LastPrinted/><o:Created>2010-01-15T18:49:00Z</o:Created><o:LastSaved>2010-01-15T22:03:01Z</o:LastSaved><o:Pages>2</o:Pages><o:Words>200</o:Words><o:Characters>1928</o:Characters><o:Paragraphs>43</o:Paragraphs></o:DocumentProperties><o:CustomDocumentProperties><o:Editor dt:dt="string">OpenOffice.org/2.4$Win32 OpenOffice.org_project/680m17$Build-9310</o:Editor><o:Language dt:dt="string"/><o:Info1 dt:dt="string"/><o:Info2 dt:dt="string"/><o:Info3 dt:dt="string"/><o:Info4 dt:dt="string"/><o:Manager dt:dt="string"/><o:Company dt:dt="string"/><o:Version dt:dt="string">12</o:Version><o:HyperlinkBase dt:dt="string"/><o:Info1 dt:dt="string"/><o:Info2 dt:dt="string"/><o:Info3 dt:dt="string"/><o:Info4 dt:dt="string"/><o:Editor dt:dt="string">OpenOffice.org/2.4$Win32 OpenOffice.org_project/680m17$Build-9310</o:Editor><o:Category dt:dt="string"/></o:CustomDocumentProperties>
            <w:fonts><w:defaultFonts w:cs="" w:fareast="" w:h-ansi="" w:ascii=""/><w:font w:name="StarSymbol"><w:charset w:val="02"/><w:family w:val="System"/><w:pitch w:val=""/></w:font><w:font w:name="Tahoma1"><w:family w:val="System"/><w:pitch w:val=""/></w:font><w:font w:name="Tahoma11"><w:family w:val="System"/><w:pitch w:val=""/></w:font><w:font w:name="Arial1"><w:family w:val="Roman"/><w:pitch w:val="variable"/></w:font><w:font w:name="Arial11"><w:family w:val="Roman"/><w:pitch w:val="variable"/></w:font><w:font w:name="Arial111"><w:family w:val="Roman"/><w:pitch w:val="variable"/></w:font><w:font w:name="Times New Roman"><w:family w:val="Roman"/><w:pitch w:val="variable"/></w:font><w:font w:name="Arial"><w:family w:val="Swiss"/><w:pitch w:val="variable"/></w:font><w:font w:name="Arial Unicode MS"><w:family w:val="System"/><w:pitch w:val="variable"/></w:font><w:font w:name="MS Mincho"><w:family w:val="System"/><w:pitch w:val="variable"/></w:font><w:font w:name="Tahoma"><w:family w:val="System"/><w:pitch w:val="variable"/></w:font></w:fonts>
            
                <w:lists><w:listDef w:listDefId="0"><w:lvl w:ilvl="0"><w:start w:val="1"/><w:nfc w:val="255"/><w:lvlText w:val="%1"/><w:lvlJc w:val="left"/><w:pPr><w:tabs><w:tab w:val="list" w:pos="366.027"/></w:tabs><w:ind w:hanging="0" w:left="0"/></w:pPr></w:lvl><w:lvl w:ilvl="1"><w:start w:val="1"/><w:nfc w:val="255"/><w:lvlText w:val="%2"/><w:lvlJc w:val="left"/><w:pPr><w:tabs><w:tab w:val="list" w:pos="366.027"/></w:tabs><w:ind w:hanging="0" w:left="0"/></w:pPr></w:lvl><w:lvl w:ilvl="2"><w:start w:val="1"/><w:nfc w:val="255"/><w:lvlText w:val="%3"/><w:lvlJc w:val="left"/><w:pPr><w:tabs><w:tab w:val="list" w:pos="366.027"/></w:tabs><w:ind w:hanging="0" w:left="0"/></w:pPr></w:lvl><w:lvl w:ilvl="3"><w:start w:val="1"/><w:nfc w:val="255"/><w:lvlText w:val="%4"/><w:lvlJc w:val="left"/><w:pPr><w:tabs><w:tab w:val="list" w:pos="366.027"/></w:tabs><w:ind w:hanging="0" w:left="0"/></w:pPr></w:lvl><w:lvl w:ilvl="4"><w:start w:val="1"/><w:nfc w:val="255"/><w:lvlText w:val="%5"/><w:lvlJc w:val="left"/><w:pPr><w:tabs><w:tab w:val="list" w:pos="366.027"/></w:tabs><w:ind w:hanging="0" w:left="0"/></w:pPr></w:lvl><w:lvl w:ilvl="5"><w:start w:val="1"/><w:nfc w:val="255"/><w:lvlText w:val="%6"/><w:lvlJc w:val="left"/><w:pPr><w:tabs><w:tab w:val="list" w:pos="366.027"/></w:tabs><w:ind w:hanging="0" w:left="0"/></w:pPr></w:lvl><w:lvl w:ilvl="6"><w:start w:val="1"/><w:nfc w:val="255"/><w:lvlText w:val="%7"/><w:lvlJc w:val="left"/><w:pPr><w:tabs><w:tab w:val="list" w:pos="366.027"/></w:tabs><w:ind w:hanging="0" w:left="0"/></w:pPr></w:lvl><w:lvl w:ilvl="7"><w:start w:val="1"/><w:nfc w:val="255"/><w:lvlText w:val="%8"/><w:lvlJc w:val="left"/><w:pPr><w:tabs><w:tab w:val="list" w:pos="366.027"/></w:tabs><w:ind w:hanging="0" w:left="0"/></w:pPr></w:lvl><w:lvl w:ilvl="8"><w:start w:val="1"/><w:nfc w:val="255"/><w:lvlText w:val="%9"/><w:lvlJc w:val="left"/><w:pPr><w:tabs><w:tab w:val="list" w:pos="366.027"/></w:tabs><w:ind w:hanging="0" w:left="0"/></w:pPr></w:lvl></w:listDef><w:listDef w:listDefId="1"><w:lvl w:ilvl="0"><w:start w:val="1"/><w:lvlText w:val="%1."/><w:lvlJc w:val="left"/><w:suff w:val="Nothing"/></w:lvl><w:lvl w:ilvl="1"><w:start w:val="1"/><w:lvlText w:val="%1.%2."/><w:lvlJc w:val="left"/><w:pPr><w:tabs><w:tab w:val="list" w:pos="1239.207"/></w:tabs><w:ind w:hanging="360.045" w:left="1080.135"/></w:pPr></w:lvl><w:lvl w:ilvl="2"><w:start w:val="1"/><w:lvlText w:val="%2.%3."/><w:lvlJc w:val="left"/><w:pPr><w:tabs><w:tab w:val="list" w:pos="1599.252"/></w:tabs><w:ind w:hanging="360.045" w:left="1440.18"/></w:pPr></w:lvl><w:lvl w:ilvl="3"><w:start w:val="1"/><w:lvlText w:val="%3.%4."/><w:lvlJc w:val="left"/><w:pPr><w:tabs><w:tab w:val="list" w:pos="1959.297"/></w:tabs><w:ind w:hanging="360.045" w:left="1800.2250000000001"/></w:pPr></w:lvl><w:lvl w:ilvl="4"><w:start w:val="1"/><w:lvlText w:val="%4.%5."/><w:lvlJc w:val="left"/><w:pPr><w:tabs><w:tab w:val="list" w:pos="2319.342"/></w:tabs><w:ind w:hanging="360.045" w:left="2160.27"/></w:pPr></w:lvl><w:lvl w:ilvl="5"><w:start w:val="1"/><w:lvlText w:val="%5.%6."/><w:lvlJc w:val="left"/><w:pPr><w:tabs><w:tab w:val="list" w:pos="2679.387"/></w:tabs><w:ind w:hanging="360.045" w:left="2520.315"/></w:pPr></w:lvl><w:lvl w:ilvl="6"><w:start w:val="1"/><w:lvlText w:val="%6.%7."/><w:lvlJc w:val="left"/><w:pPr><w:tabs><w:tab w:val="list" w:pos="3039.4320000000002"/></w:tabs><w:ind w:hanging="360.045" w:left="2880.36"/></w:pPr></w:lvl><w:lvl w:ilvl="7"><w:start w:val="1"/><w:lvlText w:val="%7.%8."/><w:lvlJc w:val="left"/><w:pPr><w:tabs><w:tab w:val="list" w:pos="3399.4770000000003"/></w:tabs><w:ind w:hanging="360.045" w:left="3240.405"/></w:pPr></w:lvl><w:lvl w:ilvl="8"><w:start w:val="1"/><w:lvlText w:val="%8.%9."/><w:lvlJc w:val="left"/><w:pPr><w:tabs><w:tab w:val="list" w:pos="3759.5221"/></w:tabs><w:ind w:hanging="360.045" w:left="3600.4501"/></w:pPr></w:lvl></w:listDef><w:listDef w:listDefId="2"><w:lvl w:ilvl="0"><w:start w:val="4"/><w:lvlText w:val="%1."/><w:lvlJc w:val="left"/><w:suff w:val="Nothing"/></w:lvl><w:lvl w:ilvl="1"><w:start w:val="1"/><w:lvlText w:val="%1.%2."/><w:lvlJc w:val="left"/><w:pPr><w:tabs><w:tab w:val="list" w:pos="1239.207"/></w:tabs><w:ind w:hanging="360.045" w:left="1080.135"/></w:pPr></w:lvl><w:lvl w:ilvl="2"><w:start w:val="1"/><w:lvlText w:val="%2.%3."/><w:lvlJc w:val="left"/><w:pPr><w:tabs><w:tab w:val="list" w:pos="1599.252"/></w:tabs><w:ind w:hanging="360.045" w:left="1440.18"/></w:pPr></w:lvl><w:lvl w:ilvl="3"><w:start w:val="1"/><w:lvlText w:val="%3.%4."/><w:lvlJc w:val="left"/><w:pPr><w:tabs><w:tab w:val="list" w:pos="1959.297"/></w:tabs><w:ind w:hanging="360.045" w:left="1800.2250000000001"/></w:pPr></w:lvl><w:lvl w:ilvl="4"><w:start w:val="1"/><w:lvlText w:val="%4.%5."/><w:lvlJc w:val="left"/><w:pPr><w:tabs><w:tab w:val="list" w:pos="2319.342"/></w:tabs><w:ind w:hanging="360.045" w:left="2160.27"/></w:pPr></w:lvl><w:lvl w:ilvl="5"><w:start w:val="1"/><w:lvlText w:val="%5.%6."/><w:lvlJc w:val="left"/><w:pPr><w:tabs><w:tab w:val="list" w:pos="2679.387"/></w:tabs><w:ind w:hanging="360.045" w:left="2520.315"/></w:pPr></w:lvl><w:lvl w:ilvl="6"><w:start w:val="1"/><w:lvlText w:val="%6.%7."/><w:lvlJc w:val="left"/><w:pPr><w:tabs><w:tab w:val="list" w:pos="3039.4320000000002"/></w:tabs><w:ind w:hanging="360.045" w:left="2880.36"/></w:pPr></w:lvl><w:lvl w:ilvl="7"><w:start w:val="1"/><w:lvlText w:val="%7.%8."/><w:lvlJc w:val="left"/><w:pPr><w:tabs><w:tab w:val="list" w:pos="3399.4770000000003"/></w:tabs><w:ind w:hanging="360.045" w:left="3240.405"/></w:pPr></w:lvl><w:lvl w:ilvl="8"><w:start w:val="1"/><w:lvlText w:val="%8.%9."/><w:lvlJc w:val="left"/><w:pPr><w:tabs><w:tab w:val="list" w:pos="3759.5221"/></w:tabs><w:ind w:hanging="360.045" w:left="3600.4501"/></w:pPr></w:lvl></w:listDef><w:listDef w:listDefId="3"><w:lvl w:ilvl="0"><w:start w:val="6"/><w:lvlText w:val="%1."/><w:lvlJc w:val="left"/><w:suff w:val="Nothing"/></w:lvl><w:lvl w:ilvl="1"><w:start w:val="1"/><w:lvlText w:val="%1.%2."/><w:lvlJc w:val="left"/><w:pPr><w:tabs><w:tab w:val="list" w:pos="1239.207"/></w:tabs><w:ind w:hanging="360.045" w:left="1080.135"/></w:pPr></w:lvl><w:lvl w:ilvl="2"><w:start w:val="1"/><w:lvlText w:val="%2.%3."/><w:lvlJc w:val="left"/><w:pPr><w:tabs><w:tab w:val="list" w:pos="1599.252"/></w:tabs><w:ind w:hanging="360.045" w:left="1440.18"/></w:pPr></w:lvl><w:lvl w:ilvl="3"><w:start w:val="1"/><w:lvlText w:val="%3.%4."/><w:lvlJc w:val="left"/><w:pPr><w:tabs><w:tab w:val="list" w:pos="1959.297"/></w:tabs><w:ind w:hanging="360.045" w:left="1800.2250000000001"/></w:pPr></w:lvl><w:lvl w:ilvl="4"><w:start w:val="1"/><w:lvlText w:val="%4.%5."/><w:lvlJc w:val="left"/><w:pPr><w:tabs><w:tab w:val="list" w:pos="2319.342"/></w:tabs><w:ind w:hanging="360.045" w:left="2160.27"/></w:pPr></w:lvl><w:lvl w:ilvl="5"><w:start w:val="1"/><w:lvlText w:val="%5.%6."/><w:lvlJc w:val="left"/><w:pPr><w:tabs><w:tab w:val="list" w:pos="2679.387"/></w:tabs><w:ind w:hanging="360.045" w:left="2520.315"/></w:pPr></w:lvl><w:lvl w:ilvl="6"><w:start w:val="1"/><w:lvlText w:val="%6.%7."/><w:lvlJc w:val="left"/><w:pPr><w:tabs><w:tab w:val="list" w:pos="3039.4320000000002"/></w:tabs><w:ind w:hanging="360.045" w:left="2880.36"/></w:pPr></w:lvl><w:lvl w:ilvl="7"><w:start w:val="1"/><w:lvlText w:val="%7.%8."/><w:lvlJc w:val="left"/><w:pPr><w:tabs><w:tab w:val="list" w:pos="3399.4770000000003"/></w:tabs><w:ind w:hanging="360.045" w:left="3240.405"/></w:pPr></w:lvl><w:lvl w:ilvl="8"><w:start w:val="1"/><w:lvlText w:val="%8.%9."/><w:lvlJc w:val="left"/><w:pPr><w:tabs><w:tab w:val="list" w:pos="3759.5221"/></w:tabs><w:ind w:hanging="360.045" w:left="3600.4501"/></w:pPr></w:lvl></w:listDef><w:listDef w:listDefId="4"><w:lvl w:ilvl="0"><w:start w:val="10"/><w:lvlText w:val="%1."/><w:lvlJc w:val="left"/><w:suff w:val="Nothing"/></w:lvl><w:lvl w:ilvl="1"><w:start w:val="1"/><w:lvlText w:val="%1.%2."/><w:lvlJc w:val="left"/><w:pPr><w:tabs><w:tab w:val="list" w:pos="1239.207"/></w:tabs><w:ind w:hanging="360.045" w:left="1080.135"/></w:pPr></w:lvl><w:lvl w:ilvl="2"><w:start w:val="1"/><w:lvlText w:val="%2.%3."/><w:lvlJc w:val="left"/><w:pPr><w:tabs><w:tab w:val="list" w:pos="1599.252"/></w:tabs><w:ind w:hanging="360.045" w:left="1440.18"/></w:pPr></w:lvl><w:lvl w:ilvl="3"><w:start w:val="1"/><w:lvlText w:val="%3.%4."/><w:lvlJc w:val="left"/><w:pPr><w:tabs><w:tab w:val="list" w:pos="1959.297"/></w:tabs><w:ind w:hanging="360.045" w:left="1800.2250000000001"/></w:pPr></w:lvl><w:lvl w:ilvl="4"><w:start w:val="1"/><w:lvlText w:val="%4.%5."/><w:lvlJc w:val="left"/><w:pPr><w:tabs><w:tab w:val="list" w:pos="2319.342"/></w:tabs><w:ind w:hanging="360.045" w:left="2160.27"/></w:pPr></w:lvl><w:lvl w:ilvl="5"><w:start w:val="1"/><w:lvlText w:val="%5.%6."/><w:lvlJc w:val="left"/><w:pPr><w:tabs><w:tab w:val="list" w:pos="2679.387"/></w:tabs><w:ind w:hanging="360.045" w:left="2520.315"/></w:pPr></w:lvl><w:lvl w:ilvl="6"><w:start w:val="1"/><w:lvlText w:val="%6.%7."/><w:lvlJc w:val="left"/><w:pPr><w:tabs><w:tab w:val="list" w:pos="3039.4320000000002"/></w:tabs><w:ind w:hanging="360.045" w:left="2880.36"/></w:pPr></w:lvl><w:lvl w:ilvl="7"><w:start w:val="1"/><w:lvlText w:val="%7.%8."/><w:lvlJc w:val="left"/><w:pPr><w:tabs><w:tab w:val="list" w:pos="3399.4770000000003"/></w:tabs><w:ind w:hanging="360.045" w:left="3240.405"/></w:pPr></w:lvl><w:lvl w:ilvl="8"><w:start w:val="1"/><w:lvlText w:val="%8.%9."/><w:lvlJc w:val="left"/><w:pPr><w:tabs><w:tab w:val="list" w:pos="3759.5221"/></w:tabs><w:ind w:hanging="360.045" w:left="3600.4501"/></w:pPr></w:lvl></w:listDef><w:listDef w:listDefId="5"><w:lvl w:ilvl="0"><w:start w:val="14"/><w:lvlText w:val="%1."/><w:lvlJc w:val="left"/><w:suff w:val="Nothing"/></w:lvl><w:lvl w:ilvl="1"><w:start w:val="1"/><w:lvlText w:val="%1.%2."/><w:lvlJc w:val="left"/><w:pPr><w:tabs><w:tab w:val="list" w:pos="1239.207"/></w:tabs><w:ind w:hanging="360.045" w:left="1080.135"/></w:pPr></w:lvl><w:lvl w:ilvl="2"><w:start w:val="1"/><w:lvlText w:val="%2.%3."/><w:lvlJc w:val="left"/><w:pPr><w:tabs><w:tab w:val="list" w:pos="1599.252"/></w:tabs><w:ind w:hanging="360.045" w:left="1440.18"/></w:pPr></w:lvl><w:lvl w:ilvl="3"><w:start w:val="1"/><w:lvlText w:val="%3.%4."/><w:lvlJc w:val="left"/><w:pPr><w:tabs><w:tab w:val="list" w:pos="1959.297"/></w:tabs><w:ind w:hanging="360.045" w:left="1800.2250000000001"/></w:pPr></w:lvl><w:lvl w:ilvl="4"><w:start w:val="1"/><w:lvlText w:val="%4.%5."/><w:lvlJc w:val="left"/><w:pPr><w:tabs><w:tab w:val="list" w:pos="2319.342"/></w:tabs><w:ind w:hanging="360.045" w:left="2160.27"/></w:pPr></w:lvl><w:lvl w:ilvl="5"><w:start w:val="1"/><w:lvlText w:val="%5.%6."/><w:lvlJc w:val="left"/><w:pPr><w:tabs><w:tab w:val="list" w:pos="2679.387"/></w:tabs><w:ind w:hanging="360.045" w:left="2520.315"/></w:pPr></w:lvl><w:lvl w:ilvl="6"><w:start w:val="1"/><w:lvlText w:val="%6.%7."/><w:lvlJc w:val="left"/><w:pPr><w:tabs><w:tab w:val="list" w:pos="3039.4320000000002"/></w:tabs><w:ind w:hanging="360.045" w:left="2880.36"/></w:pPr></w:lvl><w:lvl w:ilvl="7"><w:start w:val="1"/><w:lvlText w:val="%7.%8."/><w:lvlJc w:val="left"/><w:pPr><w:tabs><w:tab w:val="list" w:pos="3399.4770000000003"/></w:tabs><w:ind w:hanging="360.045" w:left="3240.405"/></w:pPr></w:lvl><w:lvl w:ilvl="8"><w:start w:val="1"/><w:lvlText w:val="%8.%9."/><w:lvlJc w:val="left"/><w:pPr><w:tabs><w:tab w:val="list" w:pos="3759.5221"/></w:tabs><w:ind w:hanging="360.045" w:left="3600.4501"/></w:pPr></w:lvl></w:listDef><w:list w:ilfo="1"><w:ilst w:val="0"/></w:list><w:list w:ilfo="2"><w:ilst w:val="1"/></w:list><w:list w:ilfo="3"><w:ilst w:val="2"/></w:list><w:list w:ilfo="4"><w:ilst w:val="3"/></w:list><w:list w:ilfo="5"><w:ilst w:val="4"/></w:list><w:list w:ilfo="6"><w:ilst w:val="5"/></w:list></w:lists>
            
            <w:styles>
                <w:style w:styleId="default-paragraph-style" w:type="paragraph" w:default="on"><w:name w:val="default-paragraph-style"/><w:pPr><w:adjustRightInd w:val="off"/><w:spacing/><w:ind/><w:widowControl w:val="off"/><w:pBdr/><w:ind/></w:pPr><w:rPr><w:rFonts w:ascii="Times New Roman" w:h-ansi="Times New Roman" w:fareast="Arial Unicode MS" w:cs="Tahoma"/><w:sz w:val="20"/><w:lang w:val="ru-RU"/></w:rPr></w:style><w:style w:styleId="default-table-style" w:type="table" w:default="on"><w:name w:val="default-table-style"/><w:tblPr><w:tblInd w:w="0" w:type="auto"/></w:tblPr></w:style><w:style w:styleId="Standard" w:type="paragraph"><w:basedOn w:val="default-paragraph-style"/><w:name w:val="Standard"/></w:style><w:style w:styleId="Heading" w:type="paragraph"><w:basedOn w:val="Standard"/><w:name w:val="Heading"/><w:next w:val="Text_20_body"/><w:pPr><w:adjustRightInd w:val="off"/><w:spacing w:before="239.841" w:after="120.204"/><w:ind/><w:widowControl w:val="off"/><w:pBdr/><w:ind/></w:pPr><w:rPr><w:rFonts w:ascii="Arial" w:h-ansi="Arial" w:fareast="MS Mincho" w:cs="Tahoma"/><w:sz w:val="28"/></w:rPr></w:style><w:style w:styleId="Text_20_body" w:type="paragraph"><w:basedOn w:val="Standard"/><w:name w:val="Text_20_body"/><w:pPr><w:adjustRightInd w:val="off"/><w:spacing w:before="0" w:after="120.204"/><w:ind/><w:widowControl w:val="off"/><w:pBdr/><w:ind/></w:pPr></w:style><w:style w:styleId="List" w:type="paragraph"><w:basedOn w:val="Text_20_body"/><w:name w:val="List"/><w:rPr><w:rFonts w:cs="Tahoma1"/></w:rPr></w:style><w:style w:styleId="Caption" w:type="paragraph"><w:basedOn w:val="Standard"/><w:name w:val="Caption"/><w:pPr><w:adjustRightInd w:val="off"/><w:spacing w:before="120.204" w:after="120.204"/><w:ind/><w:widowControl w:val="off"/><w:supressLineNumbers/><w:pBdr/><w:ind/></w:pPr><w:rPr><w:rFonts w:cs="Tahoma1"/><w:sz w:val="24"/><w:i/></w:rPr></w:style><w:style w:styleId="Index" w:type="paragraph"><w:basedOn w:val="Standard"/><w:name w:val="Index"/><w:pPr><w:adjustRightInd w:val="off"/><w:spacing/><w:ind/><w:widowControl w:val="off"/><w:supressLineNumbers/><w:pBdr/><w:ind/></w:pPr><w:rPr><w:rFonts w:cs="Tahoma1"/></w:rPr></w:style><w:style w:styleId="wdefault-paragraph-style" w:type="paragraph"><w:basedOn w:val="default-paragraph-style"/><w:name w:val="wdefault-paragraph-style"/><w:rPr><w:rFonts w:ascii="Times New Roman" w:h-ansi="Times New Roman" w:fareast="Times New Roman" w:cs="Times New Roman"/><w:sz w:val="20"/><w:lang w:val="ru-RU"/></w:rPr></w:style><w:style w:styleId="wStandard" w:type="paragraph"><w:basedOn w:val="wdefault-paragraph-style"/><w:name w:val="wStandard"/></w:style><w:style w:styleId="wHeading" w:type="paragraph"><w:basedOn w:val="wStandard"/><w:name w:val="wHeading"/><w:next w:val="wStandard"/><w:pPr><w:adjustRightInd w:val="off"/><w:spacing w:before="239.841" w:after="120.204"/><w:ind/><w:widowControl w:val="off"/><w:pBdr/><w:ind/></w:pPr><w:rPr><w:rFonts w:ascii="Arial1" w:h-ansi="Arial1" w:fareast="MS Mincho" w:cs="Tahoma"/><w:sz w:val="28"/></w:rPr></w:style><w:style w:styleId="wText_5f_20_5f_body" w:type="paragraph"><w:basedOn w:val="wStandard"/><w:name w:val="wText_5f_20_5f_body"/><w:pPr><w:adjustRightInd w:val="off"/><w:spacing w:before="0" w:after="120.204"/><w:ind/><w:widowControl w:val="off"/><w:pBdr/><w:ind/></w:pPr></w:style><w:style w:styleId="wList" w:type="paragraph"><w:basedOn w:val="wText_5f_20_5f_body"/><w:name w:val="wList"/><w:rPr><w:rFonts w:cs="Tahoma11"/></w:rPr></w:style><w:style w:styleId="wCaption" w:type="paragraph"><w:basedOn w:val="wStandard"/><w:name w:val="wCaption"/><w:pPr><w:adjustRightInd w:val="off"/><w:spacing w:before="120.204" w:after="120.204"/><w:ind/><w:widowControl w:val="off"/><w:pBdr/><w:ind/></w:pPr><w:rPr><w:rFonts w:cs="Tahoma11"/><w:sz w:val="24"/></w:rPr></w:style><w:style w:styleId="wIndex" w:type="paragraph"><w:basedOn w:val="wStandard"/><w:name w:val="wIndex"/><w:rPr><w:rFonts w:cs="Tahoma11"/></w:rPr></w:style><w:style w:styleId="wwa" w:type="paragraph"><w:basedOn w:val="wdefault-paragraph-style"/><w:name w:val="wwa"/><w:pPr><w:adjustRightInd w:val="off"/><w:spacing/><w:ind/><w:widowControl w:val="off"/><w:autoSpaceDE w:val="off"/><w:autoSpaceDN w:val="off"/><w:pBdr/><w:ind/></w:pPr><w:rPr><w:rFonts w:ascii="Arial11" w:h-ansi="Arial11" w:cs="Arial11"/><w:lang w:val="ru-RU"/></w:rPr></w:style><w:style w:styleId="wTable_5f_20_5f_Contents" w:type="paragraph"><w:basedOn w:val="wStandard"/><w:name w:val="wTable_5f_20_5f_Contents"/></w:style><w:style w:styleId="wwdefault-paragraph-style" w:type="paragraph"><w:basedOn w:val="wdefault-paragraph-style"/><w:name w:val="wwdefault-paragraph-style"/><w:rPr><w:rFonts w:ascii="Times New Roman" w:h-ansi="Times New Roman" w:fareast="Arial Unicode MS" w:cs="Tahoma"/><w:sz w:val="24"/><w:lang w:val="ru-RU"/></w:rPr></w:style><w:style w:styleId="wwwdefault-paragraph-style" w:type="paragraph"><w:basedOn w:val="wwdefault-paragraph-style"/><w:name w:val="wwwdefault-paragraph-style"/><w:rPr><w:rFonts w:ascii="Times New Roman" w:h-ansi="Times New Roman" w:fareast="Arial Unicode MS" w:cs="Tahoma"/><w:sz w:val="24"/><w:lang w:val="ru-RU"/></w:rPr></w:style><w:style w:styleId="wwwwdefault-paragraph-style" w:type="paragraph"><w:basedOn w:val="wwwdefault-paragraph-style"/><w:name w:val="wwwwdefault-paragraph-style"/><w:rPr><w:rFonts w:ascii="Times New Roman" w:h-ansi="Times New Roman" w:fareast="Arial Unicode MS" w:cs="Tahoma"/><w:sz w:val="24"/><w:lang w:val="ru-RU"/></w:rPr></w:style><w:style w:styleId="wwwwStandard" w:type="paragraph"><w:basedOn w:val="wwwwdefault-paragraph-style"/><w:name w:val="wwwwStandard"/><w:pPr><w:adjustRightInd w:val="off"/><w:spacing/><w:ind/><w:widowControl w:val="off"/><w:autoSpaceDE w:val="off"/><w:autoSpaceDN w:val="off"/><w:pBdr/><w:ind/></w:pPr><w:rPr><w:rFonts w:ascii="Arial111" w:h-ansi="Arial111" w:fareast="Times New Roman" w:cs="Arial111"/><w:sz w:val="20"/><w:lang w:val="ru-RU"/></w:rPr></w:style><w:style w:styleId="wwwwP4" w:type="paragraph"><w:basedOn w:val="wwwwStandard"/><w:name w:val="wwwwP4"/><w:pPr><w:adjustRightInd w:val="off"/><w:spacing/><w:ind/><w:widowControl w:val="off"/><w:snapToGrid w:val="off"/><w:pBdr/><w:ind/></w:pPr></w:style><w:style w:styleId="wP1" w:type="paragraph"><w:basedOn w:val="default-paragraph-style"/><w:name w:val="wP1"/><w:pPr><w:adjustRightInd w:val="off"/><w:spacing w:line-rule="exact" w:line="170.1"/><w:ind w:left="22.113" w:right="492.156" w:hanging="2.268"/><w:widowControl w:val="off"/><w:pBdr/><w:ind/></w:pPr></w:style><w:style w:styleId="wP2" w:type="paragraph"><w:basedOn w:val="default-paragraph-style"/><w:name w:val="wP2"/><w:pPr><w:adjustRightInd w:val="off"/><w:spacing/><w:ind w:left="54.999" w:right="0" w:first-line="0"/><w:widowControl w:val="off"/><w:pBdr/><w:ind/></w:pPr></w:style><w:style w:styleId="wP3" w:type="paragraph"><w:basedOn w:val="default-paragraph-style"/><w:name w:val="wP3"/><w:pPr><w:adjustRightInd w:val="off"/><w:spacing w:line-rule="exact" w:line="167.832"/><w:ind w:left="54.999" w:right="0" w:first-line="0"/><w:widowControl w:val="off"/><w:pBdr/><w:ind/></w:pPr></w:style><w:style w:styleId="wP4" w:type="paragraph"><w:basedOn w:val="default-paragraph-style"/><w:name w:val="wP4"/><w:pPr><w:adjustRightInd w:val="off"/><w:jc w:val="center"/><w:spacing w:line-rule="exact" w:line="167.832"/><w:ind/><w:widowControl w:val="off"/><w:pBdr/><w:ind/></w:pPr></w:style><w:style w:styleId="wP5" w:type="paragraph"><w:basedOn w:val="default-paragraph-style"/><w:name w:val="wP5"/><w:pPr><w:adjustRightInd w:val="off"/><w:spacing/><w:ind/><w:widowControl w:val="off"/><w:tabs><w:tab w:val="left" w:pos="322.056"/></w:tabs><w:pBdr/><w:ind/></w:pPr></w:style><w:style w:styleId="wP6" w:type="paragraph"><w:basedOn w:val="default-paragraph-style"/><w:name w:val="wP6"/><w:pPr><w:adjustRightInd w:val="off"/><w:spacing/><w:ind/><w:widowControl w:val="off"/><w:tabs><w:tab w:val="left" w:pos="322.056"/><w:tab w:val="left" w:pos="3293.1361"/><w:tab w:val="left" w:pos="7458.8851"/></w:tabs><w:pBdr/><w:ind/></w:pPr><w:rPr><w:spacing w:val="-13.041"/><w:lang w:val="uk-UA"/></w:rPr></w:style><w:style w:styleId="wP7" w:type="paragraph"><w:basedOn w:val="default-paragraph-style"/><w:name w:val="wP7"/><w:pPr><w:adjustRightInd w:val="off"/><w:spacing/><w:ind/><w:widowControl w:val="off"/><w:tabs><w:tab w:val="left" w:pos="322.056"/><w:tab w:val="left" w:pos="7457.1841"/></w:tabs><w:pBdr/><w:ind/></w:pPr><w:rPr><w:spacing w:val="-14.742"/><w:lang w:val="uk-UA"/></w:rPr></w:style><w:style w:styleId="wP8" w:type="paragraph"><w:basedOn w:val="default-paragraph-style"/><w:name w:val="wP8"/><w:pPr><w:adjustRightInd w:val="off"/><w:spacing/><w:ind/><w:widowControl w:val="off"/><w:tabs><w:tab w:val="left" w:pos="322.056"/><w:tab w:val="left" w:pos="7457.1841"/></w:tabs><w:pBdr/><w:ind/></w:pPr><w:rPr><w:sz w:val="18"/><w:spacing w:val="-14.742"/><w:lang w:val="uk-UA"/></w:rPr></w:style><w:style w:styleId="wP9" w:type="paragraph"><w:basedOn w:val="default-paragraph-style"/><w:name w:val="wP9"/><w:pPr><w:adjustRightInd w:val="off"/><w:spacing/><w:ind w:left="34.02" w:right="0" w:first-line="0"/><w:widowControl w:val="off"/><w:pBdr/><w:ind/></w:pPr></w:style><w:style w:styleId="wP10" w:type="paragraph"><w:basedOn w:val="default-paragraph-style"/><w:name w:val="wP10"/><w:pPr><w:adjustRightInd w:val="off"/><w:spacing/><w:ind w:left="36.288" w:right="0" w:first-line="0"/><w:widowControl w:val="off"/><w:pBdr/><w:ind/></w:pPr></w:style><w:style w:styleId="wP11" w:type="paragraph"><w:basedOn w:val="default-paragraph-style"/><w:name w:val="wP11"/><w:pPr><w:adjustRightInd w:val="off"/><w:jc w:val="center"/><w:spacing w:before="91.287" w:after="0"/><w:ind w:left="0" w:right="23.814" w:first-line="0"/><w:widowControl w:val="off"/><w:pBdr/><w:ind/></w:pPr></w:style><w:style w:styleId="wP12" w:type="paragraph"><w:basedOn w:val="default-paragraph-style"/><w:name w:val="wP12"/><w:pPr><w:adjustRightInd w:val="off"/><w:spacing w:before="10.206" w:after="0"/><w:ind w:left="1102.248" w:right="0" w:first-line="0"/><w:widowControl w:val="off"/><w:pBdr/><w:ind/></w:pPr></w:style><w:style w:styleId="wP13" w:type="paragraph"><w:basedOn w:val="default-paragraph-style"/><w:name w:val="wP13"/><w:pPr><w:adjustRightInd w:val="off"/><w:jc w:val="center"/><w:spacing w:line-rule="exact" w:line="218.295" w:before="74.277" w:after="0"/><w:ind w:left="1644.3" w:right="1663.011" w:first-line="0"/><w:widowControl w:val="off"/><w:pBdr/><w:ind/></w:pPr></w:style><w:style w:styleId="wP14" w:type="paragraph"><w:basedOn w:val="default-paragraph-style"/><w:name w:val="wP14"/><w:pPr><w:adjustRightInd w:val="off"/><w:spacing w:before="94.122" w:after="0"/><w:ind w:left="132.111" w:right="0" w:first-line="0"/><w:widowControl w:val="off"/><w:tabs><w:tab w:val="left" w:pos="371.952"/><w:tab w:val="left" w:pos="7509.9151"/></w:tabs><w:pBdr/><w:ind/></w:pPr><w:rPr><w:spacing w:val="-19.278"/><w:lang w:val="uk-UA"/></w:rPr></w:style><w:style w:styleId="wP15" w:type="paragraph"><w:basedOn w:val="default-paragraph-style"/><w:name w:val="wP15"/><w:pPr><w:adjustRightInd w:val="off"/><w:spacing w:before="324.324" w:after="0"/><w:ind w:left="132.111" w:right="0" w:first-line="0"/><w:widowControl w:val="off"/><w:tabs><w:tab w:val="left" w:pos="371.952"/><w:tab w:val="left" w:pos="1418.067"/><w:tab w:val="left" w:pos="7512.1831"/></w:tabs><w:pBdr/><w:ind/></w:pPr><w:rPr><w:spacing w:val="-11.907"/><w:lang w:val="uk-UA"/></w:rPr></w:style><w:style w:styleId="wP16" w:type="paragraph"><w:basedOn w:val="default-paragraph-style"/><w:name w:val="wP16"/><w:pPr><w:adjustRightInd w:val="off"/><w:spacing w:before="277.83" w:after="0"/><w:ind w:left="127.008" w:right="0" w:first-line="0"/><w:widowControl w:val="off"/><w:tabs><w:tab w:val="left" w:pos="377.055"/><w:tab w:val="left" w:pos="7516.7191"/></w:tabs><w:pBdr/><w:ind/></w:pPr><w:rPr><w:spacing w:val="-9.072"/><w:lang w:val="uk-UA"/></w:rPr></w:style><w:style w:styleId="wP17" w:type="paragraph"><w:basedOn w:val="default-paragraph-style"/><w:name w:val="wP17"/><w:pPr><w:adjustRightInd w:val="off"/><w:spacing/><w:ind w:left="127.008" w:right="0" w:first-line="0"/><w:widowControl w:val="off"/><w:tabs><w:tab w:val="left" w:pos="377.055"/><w:tab w:val="left" w:pos="7518.9871"/></w:tabs><w:pBdr/><w:ind/></w:pPr><w:rPr><w:spacing w:val="-10.773"/><w:lang w:val="uk-UA"/></w:rPr></w:style><w:style w:styleId="wP18" w:type="paragraph"><w:basedOn w:val="default-paragraph-style"/><w:name w:val="wP18"/><w:pPr><w:adjustRightInd w:val="off"/><w:spacing w:before="6.804" w:after="0"/><w:ind w:left="127.008" w:right="0" w:first-line="0"/><w:widowControl w:val="off"/><w:tabs><w:tab w:val="left" w:pos="377.055"/></w:tabs><w:pBdr/><w:ind/></w:pPr><w:rPr><w:spacing w:val="-13.041"/><w:lang w:val="uk-UA"/></w:rPr></w:style><w:style w:styleId="wP19" w:type="paragraph"><w:basedOn w:val="default-paragraph-style"/><w:name w:val="wP19"/><w:pPr><w:adjustRightInd w:val="off"/><w:spacing w:before="6.804" w:after="0"/><w:ind w:left="127.008" w:right="0" w:first-line="0"/><w:widowControl w:val="off"/><w:tabs><w:tab w:val="left" w:pos="377.055"/></w:tabs><w:pBdr/><w:ind/></w:pPr><w:rPr><w:spacing w:val="-10.206"/><w:lang w:val="uk-UA"/></w:rPr></w:style><w:style w:styleId="wP20" w:type="paragraph"><w:basedOn w:val="default-paragraph-style"/><w:name w:val="wP20"/><w:pPr><w:adjustRightInd w:val="off"/><w:spacing w:before="2.268" w:after="0"/><w:ind w:left="377.055" w:right="0" w:first-line="0"/><w:widowControl w:val="off"/><w:tabs><w:tab w:val="left" w:pos="3256.2811"/></w:tabs><w:pBdr/><w:ind/></w:pPr></w:style><w:style w:styleId="wP21" w:type="paragraph"><w:basedOn w:val="default-paragraph-style"/><w:name w:val="wP21"/><w:pPr><w:adjustRightInd w:val="off"/><w:spacing/><w:ind w:left="383.859" w:right="1123.227" w:first-line="0"/><w:widowControl w:val="off"/><w:tabs><w:tab w:val="left" w:pos="3847.6621"/></w:tabs><w:pBdr/><w:ind/></w:pPr></w:style><w:style w:styleId="wP22" w:type="paragraph"><w:basedOn w:val="default-paragraph-style"/><w:name w:val="wP22"/><w:pPr><w:adjustRightInd w:val="off"/><w:spacing/><w:ind w:left="377.055" w:right="0" w:hanging="250.047"/><w:widowControl w:val="off"/><w:tabs><w:tab w:val="left" w:pos="377.055"/><w:tab w:val="left" w:pos="4850.6851"/></w:tabs><w:pBdr/><w:ind/></w:pPr><w:rPr><w:spacing w:val="-10.206"/><w:lang w:val="uk-UA"/></w:rPr></w:style><w:style w:styleId="wP23" w:type="paragraph"><w:basedOn w:val="default-paragraph-style"/><w:name w:val="wP23"/><w:pPr><w:adjustRightInd w:val="off"/><w:spacing w:before="52.731" w:after="0"/><w:ind w:left="66.906" w:right="0" w:first-line="0"/><w:widowControl w:val="off"/><w:tabs><w:tab w:val="left" w:pos="398.034"/><w:tab w:val="left" w:pos="7537.6981"/></w:tabs><w:pBdr/><w:ind/></w:pPr><w:rPr><w:spacing w:val="-13.041"/><w:lang w:val="uk-UA"/></w:rPr></w:style><w:style w:styleId="wP24" w:type="paragraph"><w:basedOn w:val="default-paragraph-style"/><w:name w:val="wP24"/><w:pPr><w:adjustRightInd w:val="off"/><w:spacing w:before="60.102" w:after="0"/><w:ind w:left="66.906" w:right="0" w:first-line="0"/><w:widowControl w:val="off"/><w:tabs><w:tab w:val="left" w:pos="398.034"/><w:tab w:val="left" w:pos="3242.6731"/><w:tab w:val="left" w:pos="7542.8011"/></w:tabs><w:pBdr/><w:ind/></w:pPr><w:rPr><w:spacing w:val="-11.907"/><w:lang w:val="uk-UA"/></w:rPr></w:style><w:style w:styleId="wP25" w:type="paragraph"><w:basedOn w:val="default-paragraph-style"/><w:name w:val="wP25"/><w:pPr><w:adjustRightInd w:val="off"/><w:spacing w:before="60.102" w:after="0"/><w:ind w:left="66.906" w:right="0" w:first-line="0"/><w:widowControl w:val="off"/><w:tabs><w:tab w:val="left" w:pos="398.034"/><w:tab w:val="left" w:pos="3242.6731"/><w:tab w:val="left" w:pos="7542.8011"/></w:tabs><w:pBdr/><w:ind/></w:pPr><w:rPr><w:sz w:val="18"/><w:spacing w:val="-11.907"/><w:lang w:val="uk-UA"/></w:rPr></w:style><w:style w:styleId="wP26" w:type="paragraph"><w:basedOn w:val="default-paragraph-style"/><w:name w:val="wP26"/><w:pPr><w:adjustRightInd w:val="off"/><w:spacing w:before="2.268" w:after="0"/><w:ind w:left="340.767" w:right="0" w:first-line="0"/><w:widowControl w:val="off"/><w:tabs><w:tab w:val="left" w:pos="4973.7241"/></w:tabs><w:pBdr/><w:ind/></w:pPr></w:style><w:style w:styleId="wP27" w:type="paragraph"><w:basedOn w:val="default-paragraph-style"/><w:name w:val="wP27"/><w:pPr><w:adjustRightInd w:val="off"/><w:spacing/><w:ind w:left="340.767" w:right="0" w:first-line="0"/><w:widowControl w:val="off"/><w:tabs><w:tab w:val="left" w:pos="7461.7201"/></w:tabs><w:pBdr/><w:ind/></w:pPr></w:style><w:style w:styleId="wP28" w:type="paragraph"><w:basedOn w:val="default-paragraph-style"/><w:name w:val="wP28"/><w:pPr><w:adjustRightInd w:val="off"/><w:spacing w:before="14.175" w:after="0"/><w:ind/><w:widowControl w:val="off"/><w:tabs><w:tab w:val="left" w:pos="322.056"/><w:tab w:val="left" w:pos="3993.3811"/><w:tab w:val="left" w:pos="7458.8851"/></w:tabs><w:pBdr/><w:ind/></w:pPr><w:rPr><w:spacing w:val="-13.041"/><w:lang w:val="uk-UA"/></w:rPr></w:style><w:style w:styleId="wP29" w:type="paragraph"><w:basedOn w:val="default-paragraph-style"/><w:name w:val="wP29"/><w:pPr><w:adjustRightInd w:val="off"/><w:spacing w:line-rule="exact" w:line="170.1"/><w:ind w:left="22.113" w:right="492.156" w:hanging="2.268"/><w:widowControl w:val="off"/><w:pBdr/><w:ind/></w:pPr></w:style><w:style w:styleId="wP30" w:type="paragraph"><w:basedOn w:val="default-paragraph-style"/><w:name w:val="wP30"/><w:pPr><w:adjustRightInd w:val="off"/><w:spacing/><w:ind w:left="54.999" w:right="0" w:first-line="0"/><w:widowControl w:val="off"/><w:pBdr/><w:ind/></w:pPr><w:rPr><w:sz w:val="14"/><w:lang w:val="uk-UA"/></w:rPr></w:style><w:style w:styleId="wP31" w:type="paragraph"><w:basedOn w:val="wStandard"/><w:name w:val="wP31"/><w:pPr><w:adjustRightInd w:val="off"/><w:spacing/><w:ind/><w:widowControl w:val="off"/><w:tabs><w:tab w:val="left" w:pos="322.056"/><w:tab w:val="left" w:pos="3293.1361"/><w:tab w:val="left" w:pos="7458.8851"/></w:tabs><w:pBdr/><w:ind/></w:pPr><w:rPr><w:spacing w:val="-13.041"/><w:lang w:val="uk-UA"/></w:rPr></w:style><w:style w:styleId="wP32" w:type="paragraph"><w:basedOn w:val="wStandard"/><w:name w:val="wP32"/><w:pPr><w:adjustRightInd w:val="off"/><w:spacing/><w:ind/><w:widowControl w:val="off"/><w:tabs><w:tab w:val="left" w:pos="322.056"/><w:tab w:val="left" w:pos="7457.1841"/></w:tabs><w:pBdr/><w:ind/></w:pPr><w:rPr><w:spacing w:val="-14.742"/><w:lang w:val="uk-UA"/></w:rPr></w:style><w:style w:styleId="wP33" w:type="paragraph"><w:basedOn w:val="wStandard"/><w:name w:val="wP33"/><w:pPr><w:adjustRightInd w:val="off"/><w:spacing/><w:ind/><w:widowControl w:val="off"/><w:tabs><w:tab w:val="left" w:pos="322.056"/><w:tab w:val="left" w:pos="7457.1841"/></w:tabs><w:pBdr/><w:ind/></w:pPr><w:rPr><w:sz w:val="18"/><w:spacing w:val="-14.742"/><w:lang w:val="uk-UA"/></w:rPr></w:style><w:style w:styleId="wP34" w:type="paragraph"><w:basedOn w:val="wStandard"/><w:name w:val="wP34"/><w:pPr><w:adjustRightInd w:val="off"/><w:spacing w:before="94.122" w:after="0"/><w:ind w:left="132.111" w:right="0" w:first-line="0"/><w:widowControl w:val="off"/><w:tabs><w:tab w:val="left" w:pos="371.952"/><w:tab w:val="left" w:pos="7509.9151"/></w:tabs><w:pBdr/><w:ind/></w:pPr><w:rPr><w:spacing w:val="-19.278"/><w:lang w:val="uk-UA"/></w:rPr></w:style><w:style w:styleId="wP35" w:type="paragraph"><w:basedOn w:val="wStandard"/><w:name w:val="wP35"/><w:pPr><w:adjustRightInd w:val="off"/><w:spacing w:before="324.324" w:after="0"/><w:ind w:left="132.111" w:right="0" w:first-line="0"/><w:widowControl w:val="off"/><w:tabs><w:tab w:val="left" w:pos="371.952"/><w:tab w:val="left" w:pos="1418.067"/><w:tab w:val="left" w:pos="7512.1831"/></w:tabs><w:pBdr/><w:ind/></w:pPr><w:rPr><w:spacing w:val="-11.907"/><w:lang w:val="uk-UA"/></w:rPr></w:style><w:style w:styleId="wP36" w:type="paragraph"><w:basedOn w:val="wStandard"/><w:name w:val="wP36"/><w:pPr><w:adjustRightInd w:val="off"/><w:spacing w:before="277.83" w:after="0"/><w:ind w:left="127.008" w:right="0" w:first-line="0"/><w:widowControl w:val="off"/><w:tabs><w:tab w:val="left" w:pos="377.055"/><w:tab w:val="left" w:pos="7516.7191"/></w:tabs><w:pBdr/><w:ind/></w:pPr><w:rPr><w:spacing w:val="-9.072"/><w:lang w:val="uk-UA"/></w:rPr></w:style><w:style w:styleId="wP37" w:type="paragraph"><w:basedOn w:val="wStandard"/><w:name w:val="wP37"/><w:pPr><w:adjustRightInd w:val="off"/><w:spacing/><w:ind w:left="127.008" w:right="0" w:first-line="0"/><w:widowControl w:val="off"/><w:tabs><w:tab w:val="left" w:pos="377.055"/><w:tab w:val="left" w:pos="7518.9871"/></w:tabs><w:pBdr/><w:ind/></w:pPr><w:rPr><w:spacing w:val="-10.773"/><w:lang w:val="uk-UA"/></w:rPr></w:style><w:style w:styleId="wP38" w:type="paragraph"><w:basedOn w:val="wStandard"/><w:name w:val="wP38"/><w:pPr><w:adjustRightInd w:val="off"/><w:spacing w:before="6.804" w:after="0"/><w:ind w:left="127.008" w:right="0" w:first-line="0"/><w:widowControl w:val="off"/><w:tabs><w:tab w:val="left" w:pos="377.055"/></w:tabs><w:pBdr/><w:ind/></w:pPr><w:rPr><w:spacing w:val="-13.041"/><w:lang w:val="uk-UA"/></w:rPr></w:style><w:style w:styleId="wP39" w:type="paragraph"><w:basedOn w:val="wStandard"/><w:name w:val="wP39"/><w:pPr><w:adjustRightInd w:val="off"/><w:spacing w:before="6.804" w:after="0"/><w:ind w:left="127.008" w:right="0" w:first-line="0"/><w:widowControl w:val="off"/><w:tabs><w:tab w:val="left" w:pos="377.055"/></w:tabs><w:pBdr/><w:ind/></w:pPr><w:rPr><w:spacing w:val="-10.206"/><w:lang w:val="uk-UA"/></w:rPr></w:style><w:style w:styleId="wP40" w:type="paragraph"><w:basedOn w:val="wStandard"/><w:name w:val="wP40"/><w:pPr><w:adjustRightInd w:val="off"/><w:spacing/><w:ind w:left="377.055" w:right="0" w:hanging="250.047"/><w:widowControl w:val="off"/><w:tabs><w:tab w:val="left" w:pos="377.055"/><w:tab w:val="left" w:pos="4850.6851"/></w:tabs><w:pBdr/><w:ind/></w:pPr><w:rPr><w:spacing w:val="-10.206"/><w:lang w:val="uk-UA"/></w:rPr></w:style><w:style w:styleId="wP41" w:type="paragraph"><w:basedOn w:val="wStandard"/><w:name w:val="wP41"/><w:pPr><w:adjustRightInd w:val="off"/><w:spacing w:before="52.731" w:after="0"/><w:ind w:left="66.906" w:right="0" w:first-line="0"/><w:widowControl w:val="off"/><w:tabs><w:tab w:val="left" w:pos="398.034"/><w:tab w:val="left" w:pos="7537.6981"/></w:tabs><w:pBdr/><w:ind/></w:pPr><w:rPr><w:spacing w:val="-13.041"/><w:lang w:val="uk-UA"/></w:rPr></w:style><w:style w:styleId="wP42" w:type="paragraph"><w:basedOn w:val="wStandard"/><w:name w:val="wP42"/><w:pPr><w:adjustRightInd w:val="off"/><w:spacing w:before="60.102" w:after="0"/><w:ind w:left="66.906" w:right="0" w:first-line="0"/><w:widowControl w:val="off"/><w:tabs><w:tab w:val="left" w:pos="398.034"/><w:tab w:val="left" w:pos="3242.6731"/><w:tab w:val="left" w:pos="7542.8011"/></w:tabs><w:pBdr/><w:ind/></w:pPr><w:rPr><w:spacing w:val="-11.907"/><w:lang w:val="uk-UA"/></w:rPr></w:style><w:style w:styleId="wP43" w:type="paragraph"><w:basedOn w:val="wStandard"/><w:name w:val="wP43"/><w:pPr><w:adjustRightInd w:val="off"/><w:spacing w:before="14.175" w:after="0"/><w:ind/><w:widowControl w:val="off"/><w:tabs><w:tab w:val="left" w:pos="322.056"/><w:tab w:val="left" w:pos="3993.3811"/><w:tab w:val="left" w:pos="7458.8851"/></w:tabs><w:pBdr/><w:ind/></w:pPr><w:rPr><w:spacing w:val="-13.041"/><w:lang w:val="uk-UA"/></w:rPr></w:style><w:style w:styleId="wCommentText" w:type="paragraph"><w:basedOn w:val="default-paragraph-style"/><w:name w:val="wCommentText"/><w:rPr><w:sz w:val="20"/></w:rPr></w:style><w:style w:styleId="wCommentSubject" w:type="paragraph"><w:basedOn w:val="wCommentText"/><w:name w:val="wCommentSubject"/><w:next w:val="wCommentText"/></w:style><w:style w:styleId="Table_20_Contents" w:type="paragraph"><w:basedOn w:val="Standard"/><w:name w:val="Table_20_Contents"/><w:pPr><w:adjustRightInd w:val="off"/><w:spacing/><w:ind/><w:widowControl w:val="off"/><w:supressLineNumbers/><w:pBdr/><w:ind/></w:pPr></w:style><w:style w:styleId="Footnote_20_Symbol" w:type="character"><w:name w:val="Footnote_20_Symbol"/></w:style><w:style w:styleId="Numbering_20_Symbols" w:type="character"><w:name w:val="Numbering_20_Symbols"/></w:style><w:style w:styleId="Bullet_20_Symbols" w:type="character"><w:name w:val="Bullet_20_Symbols"/><w:rPr><w:rFonts w:ascii="StarSymbol" w:h-ansi="StarSymbol" w:fareast="StarSymbol" w:cs="StarSymbol"/><w:sz w:val="18"/></w:rPr></w:style><w:style w:styleId="Endnote_20_Symbol" w:type="character"><w:name w:val="Endnote_20_Symbol"/></w:style><w:style w:styleId="Footnote_20_anchor" w:type="character"><w:name w:val="Footnote_20_anchor"/><w:rPr><w:vertAlign w:val="superscript"/><w:position w:val="0"/></w:rPr></w:style><w:style w:styleId="wFootnote_5f_20_5f_Symbol" w:type="character"><w:name w:val="wFootnote_5f_20_5f_Symbol"/></w:style><w:style w:styleId="wNumbering_5f_20_5f_Symbols" w:type="character"><w:name w:val="wNumbering_5f_20_5f_Symbols"/></w:style><w:style w:styleId="wBullet_5f_20_5f_Symbols" w:type="character"><w:name w:val="wBullet_5f_20_5f_Symbols"/></w:style><w:style w:styleId="wEndnote_5f_20_5f_Symbol" w:type="character"><w:name w:val="wEndnote_5f_20_5f_Symbol"/></w:style><w:style w:styleId="wFootnote_5f_20_5f_anchor" w:type="character"><w:name w:val="wFootnote_5f_20_5f_anchor"/></w:style><w:style w:styleId="wwa0" w:type="character"><w:name w:val="wwa0"/></w:style><w:style w:styleId="wT1" w:type="character"><w:name w:val="wT1"/></w:style><w:style w:styleId="wT2" w:type="character"><w:name w:val="wT2"/><w:rPr><w:b/></w:rPr></w:style><w:style w:styleId="wT3" w:type="character"><w:name w:val="wT3"/><w:rPr><w:b/></w:rPr></w:style><w:style w:styleId="wT4" w:type="character"><w:name w:val="wT4"/></w:style><w:style w:styleId="wT5" w:type="character"><w:name w:val="wT5"/><w:rPr><w:b/></w:rPr></w:style><w:style w:styleId="wT6" w:type="character"><w:name w:val="wT6"/></w:style><w:style w:styleId="wT7" w:type="character"><w:name w:val="wT7"/></w:style><w:style w:styleId="wT8" w:type="character"><w:name w:val="wT8"/></w:style><w:style w:styleId="wT9" w:type="character"><w:name w:val="wT9"/></w:style><w:style w:styleId="wT10" w:type="character"><w:name w:val="wT10"/></w:style><w:style w:styleId="wT11" w:type="character"><w:name w:val="wT11"/></w:style><w:style w:styleId="wT12" w:type="character"><w:name w:val="wT12"/></w:style><w:style w:styleId="wT13" w:type="character"><w:name w:val="wT13"/></w:style><w:style w:styleId="wT14" w:type="character"><w:name w:val="wT14"/></w:style><w:style w:styleId="wT15" w:type="character"><w:name w:val="wT15"/></w:style><w:style w:styleId="wT16" w:type="character"><w:name w:val="wT16"/></w:style><w:style w:styleId="wT17" w:type="character"><w:name w:val="wT17"/></w:style><w:style w:styleId="wT18" w:type="character"><w:name w:val="wT18"/></w:style><w:style w:styleId="wT19" w:type="character"><w:name w:val="wT19"/></w:style><w:style w:styleId="wT20" w:type="character"><w:name w:val="wT20"/></w:style><w:style w:styleId="wT21" w:type="character"><w:name w:val="wT21"/></w:style><w:style w:styleId="wT22" w:type="character"><w:name w:val="wT22"/></w:style><w:style w:styleId="wHyperlink" w:type="character"><w:name w:val="wHyperlink"/></w:style><w:style w:styleId="wFollowedHyperlink" w:type="character"><w:name w:val="wFollowedHyperlink"/></w:style><w:style w:styleId="wCommentReference" w:type="character"><w:name w:val="wCommentReference"/></w:style><w:style w:styleId="wwwT11" w:type="character"><w:name w:val="wwwT11"/></w:style><w:style w:styleId="wwwT13" w:type="character"><w:name w:val="wwwT13"/></w:style><w:style w:styleId="wwwT8" w:type="character"><w:name w:val="wwwT8"/></w:style><w:style w:styleId="wwwT17" w:type="character"><w:name w:val="wwwT17"/></w:style><w:style w:styleId="wwwT18" w:type="character"><w:name w:val="wwwT18"/></w:style><w:style w:styleId="wwwT15" w:type="character"><w:name w:val="wwwT15"/></w:style><w:style w:styleId="wwwT14" w:type="character"><w:name w:val="wwwT14"/></w:style><w:style w:styleId="wwwT24" w:type="character"><w:name w:val="wwwT24"/></w:style><w:style w:styleId="wwwT25" w:type="character"><w:name w:val="wwwT25"/></w:style><w:style w:styleId="wwwT27" w:type="character"><w:name w:val="wwwT27"/></w:style><w:style w:styleId="wwwT12" w:type="character"><w:name w:val="wwwT12"/></w:style>
                <w:style w:styleId="Table1" w:type="table"><w:name w:val="Table1"/><w:hidden w:val="on"/><w:tblPr><w:tblInd w:w="40.257" w:type="dxa"/><w:jc w:val="left"/></w:tblPr></w:style><w:style w:styleId="P1" w:type="paragraph"><w:basedOn w:val="wP39"/><w:name w:val="P1"/><w:hidden w:val="on"/></w:style><w:style w:styleId="P2" w:type="paragraph"><w:basedOn w:val="wP31"/><w:name w:val="P2"/><w:hidden w:val="on"/></w:style><w:style w:styleId="P3" w:type="paragraph"><w:basedOn w:val="wP32"/><w:name w:val="P3"/><w:hidden w:val="on"/></w:style><w:style w:styleId="P4" w:type="paragraph"><w:basedOn w:val="wP40"/><w:name w:val="P4"/><w:hidden w:val="on"/></w:style><w:style w:styleId="P5" w:type="paragraph"><w:basedOn w:val="wP34"/><w:name w:val="P5"/><w:hidden w:val="on"/></w:style><w:style w:styleId="P6" w:type="paragraph"><w:basedOn w:val="wP38"/><w:name w:val="P6"/><w:hidden w:val="on"/></w:style><w:style w:styleId="P7" w:type="paragraph"><w:basedOn w:val="wP35"/><w:name w:val="P7"/><w:hidden w:val="on"/></w:style><w:style w:styleId="P8" w:type="paragraph"><w:basedOn w:val="wP33"/><w:name w:val="P8"/><w:hidden w:val="on"/></w:style><w:style w:styleId="P9" w:type="paragraph"><w:basedOn w:val="wP41"/><w:name w:val="P9"/><w:hidden w:val="on"/></w:style><w:style w:styleId="P10" w:type="paragraph"><w:basedOn w:val="wP43"/><w:name w:val="P10"/><w:hidden w:val="on"/></w:style><w:style w:styleId="P11" w:type="paragraph"><w:basedOn w:val="wP42"/><w:name w:val="P11"/><w:hidden w:val="on"/></w:style><w:style w:styleId="P12" w:type="paragraph"><w:basedOn w:val="Standard"/><w:name w:val="P12"/><w:hidden w:val="on"/><w:pPr><w:adjustRightInd w:val="off"/><w:jc w:val="center"/><w:spacing/><w:ind/><w:widowControl w:val="off"/><w:pBdr/><w:ind/></w:pPr></w:style><w:style w:styleId="P13" w:type="paragraph"><w:basedOn w:val="Standard"/><w:name w:val="P13"/><w:hidden w:val="on"/><w:pPr><w:adjustRightInd w:val="off"/><w:spacing/><w:ind/><w:widowControl w:val="off"/><w:pBdr/><w:ind/></w:pPr></w:style><w:style w:styleId="P14" w:type="paragraph"><w:basedOn w:val="wP37"/><w:name w:val="P14"/><w:hidden w:val="on"/></w:style><w:style w:styleId="P15" w:type="paragraph"><w:basedOn w:val="wP36"/><w:name w:val="P15"/><w:hidden w:val="on"/></w:style>
                <w:style w:styleId="Hyperlink" w:type="character"><w:name w:val="Hyperlink"/><w:rsid w:val="006A55B0"/><w:rPr><w:color w:val="000080"/><w:u w:val="single"/></w:rPr></w:style><w:style w:styleId="FollowedHyperlink" w:type="character"><w:name w:val="FollowedHyperlink"/><w:rsid w:val="006A55B0"/><w:rPr><w:color w:val="800000"/><w:u w:val="single"/></w:rPr></w:style>
                
                <w:style w:styleId="CommentReference" w:type="character"><w:name w:val="annotation reference"/><w:basedOn w:val="DefaultParagraphFont"/><w:semiHidden/><w:rsid w:val="007770B7"/><w:rPr><w:sz w:val="16"/><w:sz-cs w:val="16"/></w:rPr></w:style><w:style w:styleId="CommentText" w:type="paragraph"><w:name w:val="annotation text"/><w:basedOn w:val="Normal"/><w:semiHidden/><w:rsid w:val="007770B7"/><w:pPr><w:pStyle w:val="CommentText"/></w:pPr><w:rPr><w:sz w:val="20"/><w:sz-cs w:val="20"/></w:rPr></w:style><w:style w:styleId="CommentSubject" w:type="paragraph"><w:name w:val="annotation subject"/><w:basedOn w:val="CommentText"/><w:next w:val="CommentText"/><w:semiHidden/><w:rsid w:val="007770B7"/><w:pPr><w:pStyle w:val="CommentSubject"/></w:pPr><w:rPr><w:b/><w:b-cs/></w:rPr></w:style>
                
            </w:styles>
            
            <w:docPr><w:displayBackgroundShape/><w:view w:val="print"/><w:zoom w:percent=""/><w:defaultTabStop w:val="720.09"/><w:docVars/></w:docPr>
            <w:body><w:tbl><w:tblPr><w:tblStyle w:val="Table1"/><w:tblW w:w="7508.7811" w:type="dxa"/><w:tblInd w:w="40.257" w:type="dxa"/><w:jc w:val="left"/></w:tblPr><w:tblGrid><w:gridCol w:w="2420.523"/><w:gridCol w:w="357.21"/><w:gridCol w:w="352.107"/><w:gridCol w:w="352.107"/><w:gridCol w:w="357.21"/><w:gridCol w:w="357.21"/><w:gridCol w:w="357.21"/><w:gridCol w:w="352.107"/><w:gridCol w:w="352.107"/><w:gridCol w:w="240.975"/><w:gridCol w:w="2011.149"/></w:tblGrid><w:tr><w:trPr/><w:tc><w:tcPr><w:tcW w:type="dxa" w:w="2420.523"/><w:gridSpan w:val="9"/><w:tcMar/><w:tcBorders><w:top w:val="single" w:sz="0" w:color="000000"/><w:bottom w:val="single" w:sz="0" w:color="000000"/><w:left w:val="single" w:sz="0" w:color="000000"/><w:right w:val="none" w:sz="0" w:color="auto"/></w:tcBorders></w:tcPr><w:p><w:pPr><w:pStyle w:val="P13"/></w:pPr><w:r><w:rPr><w:rStyle w:val="wT1"/></w:rPr><w:t>Назва міністерства, іншого центрального органу виконавчої влади, у сфері управління яких перебуває заклад</w:t></w:r></w:p></w:tc><w:tc><w:tcPr><w:tcW w:type="dxa" w:w="357.21"/><w:tcMar/><w:tcBorders><w:top w:val="none" w:sz="0" w:color="auto"/><w:bottom w:val="none" w:sz="0" w:color="auto"/><w:left w:val="none" w:sz="0" w:color="auto"/><w:right w:val="single" w:sz="0" w:color="000000"/></w:tcBorders></w:tcPr><w:p><w:pPr><w:pStyle w:val="wStandard"/></w:pPr></w:p></w:tc><w:tc><w:tcPr><w:tcW w:type="dxa" w:w="352.107"/><w:tcMar/><w:tcBorders><w:top w:val="single" w:sz="0" w:color="000000"/><w:bottom w:val="none" w:sz="0" w:color="auto"/><w:left w:val="single" w:sz="0" w:color="000000"/><w:right w:val="single" w:sz="0" w:color="000000"/></w:tcBorders></w:tcPr><w:p><w:pPr><w:pStyle w:val="Standard"/></w:pPr><w:r><w:rPr><w:rStyle w:val="wT1"/></w:rPr><w:t>Медична</w:t></w:r><w:r><w:rPr><w:rStyle w:val="wT2"/></w:rPr><w:t> документація</w:t></w:r></w:p><w:p><w:pPr><w:pStyle w:val="Standard"/></w:pPr><w:r><w:rPr><w:rStyle w:val="wT2"/></w:rPr><w:t>Форма</w:t></w:r><w:r><w:rPr><w:rStyle w:val="wT1"/></w:rPr><w:t> первинної</w:t></w:r></w:p><w:p><w:pPr><w:pStyle w:val="Standard"/></w:pPr><w:r><w:rPr><w:rStyle w:val="wT1"/></w:rPr><w:t>облікової документації</w:t></w:r></w:p><w:p><w:pPr><w:pStyle w:val="Standard"/></w:pPr><w:r><w:rPr><w:rStyle w:val="wT1"/></w:rPr><w:t>№113/о</w:t></w:r></w:p><w:p><w:pPr><w:pStyle w:val="Standard"/></w:pPr><w:r><w:t>Затверджено</w:t></w:r></w:p><w:p><w:pPr><w:pStyle w:val="Standard"/></w:pPr><w:r><w:rPr><w:rStyle w:val="wT1"/></w:rPr><w:t>Наказ МОЗ України</w:t></w:r></w:p><w:p><w:pPr><w:pStyle w:val="Standard"/></w:pPr><w:r><w:rPr><w:rStyle w:val="wT1"/></w:rPr><w:t>13.02.2006 №67</w:t></w:r></w:p></w:tc></w:tr><w:tr><w:trPr/><w:tc><w:tcPr><w:tcW w:type="dxa" w:w="2420.523"/><w:gridSpan w:val="9"/><w:tcMar/><w:tcBorders><w:top w:val="single" w:sz="0" w:color="000000"/><w:bottom w:val="single" w:sz="0" w:color="000000"/><w:left w:val="single" w:sz="0" w:color="000000"/><w:right w:val="none" w:sz="0" w:color="auto"/></w:tcBorders></w:tcPr><w:p><w:pPr><w:pStyle w:val="wwwwP4"/></w:pPr><w:r><w:t>[Header.DepartmentName]</w:t></w:r></w:p></w:tc><w:tc><w:tcPr><w:tcW w:type="dxa" w:w="357.21"/><w:tcMar/><w:tcBorders><w:top w:val="none" w:sz="0" w:color="auto"/><w:bottom w:val="none" w:sz="0" w:color="auto"/><w:left w:val="none" w:sz="0" w:color="auto"/><w:right w:val="single" w:sz="0" w:color="000000"/></w:tcBorders></w:tcPr><w:p><w:pPr><w:pStyle w:val="wStandard"/></w:pPr></w:p><w:p><w:pPr><w:pStyle w:val="wStandard"/></w:pPr></w:p></w:tc><w:tc><w:tcPr><w:tcW w:type="dxa" w:w="352.107"/><w:tcMar/><w:tcBorders><w:top w:val="none" w:sz="0" w:color="auto"/><w:bottom w:val="none" w:sz="0" w:color="auto"/><w:left w:val="single" w:sz="0" w:color="000000"/><w:right w:val="single" w:sz="0" w:color="000000"/></w:tcBorders></w:tcPr><w:p><w:pPr><w:pStyle w:val="wStandard"/></w:pPr></w:p><w:p><w:pPr><w:pStyle w:val="wStandard"/></w:pPr></w:p></w:tc></w:tr><w:tr><w:trPr/><w:tc><w:tcPr><w:tcW w:type="dxa" w:w="2420.523"/><w:gridSpan w:val="9"/><w:tcMar/><w:tcBorders><w:top w:val="single" w:sz="0" w:color="000000"/><w:bottom w:val="single" w:sz="0" w:color="000000"/><w:left w:val="single" w:sz="0" w:color="000000"/><w:right w:val="none" w:sz="0" w:color="auto"/></w:tcBorders></w:tcPr><w:p><w:pPr><w:pStyle w:val="Standard"/></w:pPr><w:r><w:rPr><w:rStyle w:val="wT1"/></w:rPr><w:t>Найменування та повна адреса закладу</w:t></w:r></w:p></w:tc><w:tc><w:tcPr><w:tcW w:type="dxa" w:w="357.21"/><w:tcMar/><w:tcBorders><w:top w:val="none" w:sz="0" w:color="auto"/><w:bottom w:val="none" w:sz="0" w:color="auto"/><w:left w:val="none" w:sz="0" w:color="auto"/><w:right w:val="single" w:sz="0" w:color="000000"/></w:tcBorders></w:tcPr><w:p><w:pPr><w:pStyle w:val="Standard"/></w:pPr></w:p><w:p><w:pPr><w:pStyle w:val="Standard"/></w:pPr></w:p></w:tc><w:tc><w:tcPr><w:tcW w:type="dxa" w:w="352.107"/><w:tcMar/><w:tcBorders><w:top w:val="none" w:sz="0" w:color="auto"/><w:bottom w:val="none" w:sz="0" w:color="auto"/><w:left w:val="single" w:sz="0" w:color="000000"/><w:right w:val="single" w:sz="0" w:color="000000"/></w:tcBorders></w:tcPr><w:p><w:pPr><w:pStyle w:val="Standard"/></w:pPr></w:p><w:p><w:pPr><w:pStyle w:val="Standard"/></w:pPr></w:p></w:tc></w:tr><w:tr><w:trPr/><w:tc><w:tcPr><w:tcW w:type="dxa" w:w="2420.523"/><w:gridSpan w:val="9"/><w:tcMar/><w:tcBorders><w:top w:val="single" w:sz="0" w:color="000000"/><w:bottom w:val="single" w:sz="0" w:color="000000"/><w:left w:val="single" w:sz="0" w:color="000000"/><w:right w:val="none" w:sz="0" w:color="auto"/></w:tcBorders></w:tcPr><w:p><w:pPr><w:pStyle w:val="wwwwP4"/></w:pPr><w:r><w:t>[Header.DepartmentAddress]</w:t></w:r></w:p></w:tc><w:tc><w:tcPr><w:tcW w:type="dxa" w:w="357.21"/><w:tcMar/><w:tcBorders><w:top w:val="none" w:sz="0" w:color="auto"/><w:bottom w:val="none" w:sz="0" w:color="auto"/><w:left w:val="none" w:sz="0" w:color="auto"/><w:right w:val="single" w:sz="0" w:color="000000"/></w:tcBorders></w:tcPr><w:p><w:pPr><w:pStyle w:val="wStandard"/></w:pPr></w:p><w:p><w:pPr><w:pStyle w:val="wStandard"/></w:pPr></w:p></w:tc><w:tc><w:tcPr><w:tcW w:type="dxa" w:w="352.107"/><w:tcMar/><w:tcBorders><w:top w:val="none" w:sz="0" w:color="auto"/><w:bottom w:val="none" w:sz="0" w:color="auto"/><w:left w:val="single" w:sz="0" w:color="000000"/><w:right w:val="single" w:sz="0" w:color="000000"/></w:tcBorders></w:tcPr><w:p><w:pPr><w:pStyle w:val="wStandard"/></w:pPr></w:p><w:p><w:pPr><w:pStyle w:val="wStandard"/></w:pPr></w:p></w:tc></w:tr><w:tr><w:trPr/><w:tc><w:tcPr><w:tcW w:type="dxa" w:w="2420.523"/><w:tcMar/><w:tcBorders><w:top w:val="single" w:sz="0" w:color="000000"/><w:bottom w:val="none" w:sz="0" w:color="auto"/><w:left w:val="single" w:sz="0" w:color="000000"/><w:right w:val="none" w:sz="0" w:color="auto"/></w:tcBorders></w:tcPr><w:p><w:pPr><w:pStyle w:val="wwwwP4"/></w:pPr></w:p></w:tc><w:tc><w:tcPr><w:tcW w:type="dxa" w:w="357.21"/><w:gridSpan w:val="8"/><w:tcMar/><w:tcBorders><w:top w:val="single" w:sz="0" w:color="000000"/><w:bottom w:val="single" w:sz="0" w:color="000000"/><w:left w:val="none" w:sz="0" w:color="auto"/><w:right w:val="none" w:sz="0" w:color="auto"/></w:tcBorders></w:tcPr><w:p><w:pPr><w:pStyle w:val="wStandard"/></w:pPr></w:p></w:tc><w:tc><w:tcPr><w:tcW w:type="dxa" w:w="352.107"/><w:tcMar/><w:tcBorders><w:top w:val="none" w:sz="0" w:color="auto"/><w:bottom w:val="none" w:sz="0" w:color="auto"/><w:left w:val="none" w:sz="0" w:color="auto"/><w:right w:val="single" w:sz="0" w:color="000000"/></w:tcBorders></w:tcPr><w:p><w:pPr><w:pStyle w:val="wStandard"/></w:pPr></w:p><w:p><w:pPr><w:pStyle w:val="wStandard"/></w:pPr></w:p></w:tc><w:tc><w:tcPr><w:tcW w:type="dxa" w:w="352.107"/><w:tcMar/><w:tcBorders><w:top w:val="none" w:sz="0" w:color="auto"/><w:bottom w:val="none" w:sz="0" w:color="auto"/><w:left w:val="single" w:sz="0" w:color="000000"/><w:right w:val="single" w:sz="0" w:color="000000"/></w:tcBorders></w:tcPr><w:p><w:pPr><w:pStyle w:val="wStandard"/></w:pPr></w:p><w:p><w:pPr><w:pStyle w:val="wStandard"/></w:pPr></w:p></w:tc></w:tr><w:tr><w:trPr/><w:tc><w:tcPr><w:tcW w:type="dxa" w:w="2420.523"/><w:tcMar/><w:tcBorders><w:top w:val="none" w:sz="0" w:color="auto"/><w:bottom w:val="none" w:sz="0" w:color="auto"/><w:left w:val="single" w:sz="0" w:color="000000"/><w:right w:val="single" w:sz="0" w:color="000000"/></w:tcBorders></w:tcPr><w:p><w:pPr><w:pStyle w:val="Standard"/></w:pPr><w:r><w:rPr><w:rStyle w:val="wT1"/></w:rPr><w:t>Ідентифікаційний код за ЄДРПОУ</w:t></w:r></w:p></w:tc><w:tc><w:tcPr><w:tcW w:type="dxa" w:w="357.21"/><w:tcMar/><w:tcBorders><w:top w:val="single" w:sz="0" w:color="000000"/><w:bottom w:val="single" w:sz="0" w:color="000000"/><w:left w:val="single" w:sz="0" w:color="000000"/><w:right w:val="single" w:sz="0" w:color="000000"/></w:tcBorders></w:tcPr><w:p><w:pPr><w:pStyle w:val="wwwwP4"/></w:pPr><w:r><w:t>[Header.IdentifierN1]</w:t></w:r></w:p></w:tc><w:tc><w:tcPr><w:tcW w:type="dxa" w:w="352.107"/><w:tcMar/><w:tcBorders><w:top w:val="single" w:sz="0" w:color="000000"/><w:bottom w:val="single" w:sz="0" w:color="000000"/><w:left w:val="single" w:sz="0" w:color="000000"/><w:right w:val="single" w:sz="0" w:color="000000"/></w:tcBorders></w:tcPr><w:p><w:pPr><w:pStyle w:val="wwwwP4"/></w:pPr><w:r><w:t>[Header.IdentifierN2]</w:t></w:r></w:p></w:tc><w:tc><w:tcPr><w:tcW w:type="dxa" w:w="352.107"/><w:tcMar/><w:tcBorders><w:top w:val="single" w:sz="0" w:color="000000"/><w:bottom w:val="single" w:sz="0" w:color="000000"/><w:left w:val="single" w:sz="0" w:color="000000"/><w:right w:val="single" w:sz="0" w:color="000000"/></w:tcBorders></w:tcPr><w:p><w:pPr><w:pStyle w:val="wwwwP4"/></w:pPr><w:r><w:t>[Header.IdentifierN3]</w:t></w:r></w:p></w:tc><w:tc><w:tcPr><w:tcW w:type="dxa" w:w="357.21"/><w:tcMar/><w:tcBorders><w:top w:val="single" w:sz="0" w:color="000000"/><w:bottom w:val="single" w:sz="0" w:color="000000"/><w:left w:val="single" w:sz="0" w:color="000000"/><w:right w:val="single" w:sz="0" w:color="000000"/></w:tcBorders></w:tcPr><w:p><w:pPr><w:pStyle w:val="wwwwP4"/></w:pPr><w:r><w:t>[Header.IdentifierN4]</w:t></w:r></w:p></w:tc><w:tc><w:tcPr><w:tcW w:type="dxa" w:w="357.21"/><w:tcMar/><w:tcBorders><w:top w:val="single" w:sz="0" w:color="000000"/><w:bottom w:val="single" w:sz="0" w:color="000000"/><w:left w:val="single" w:sz="0" w:color="000000"/><w:right w:val="single" w:sz="0" w:color="000000"/></w:tcBorders></w:tcPr><w:p><w:pPr><w:pStyle w:val="wwwwP4"/></w:pPr><w:r><w:t>[Header.IdentifierN5]</w:t></w:r></w:p></w:tc><w:tc><w:tcPr><w:tcW w:type="dxa" w:w="357.21"/><w:tcMar/><w:tcBorders><w:top w:val="single" w:sz="0" w:color="000000"/><w:bottom w:val="single" w:sz="0" w:color="000000"/><w:left w:val="single" w:sz="0" w:color="000000"/><w:right w:val="single" w:sz="0" w:color="000000"/></w:tcBorders></w:tcPr><w:p><w:pPr><w:pStyle w:val="wwwwP4"/></w:pPr><w:r><w:t>[Header.IdentifierN6]</w:t></w:r></w:p></w:tc><w:tc><w:tcPr><w:tcW w:type="dxa" w:w="352.107"/><w:tcMar/><w:tcBorders><w:top w:val="single" w:sz="0" w:color="000000"/><w:bottom w:val="single" w:sz="0" w:color="000000"/><w:left w:val="single" w:sz="0" w:color="000000"/><w:right w:val="single" w:sz="0" w:color="000000"/></w:tcBorders></w:tcPr><w:p><w:pPr><w:pStyle w:val="wwwwP4"/></w:pPr><w:r><w:t>[Header.IdentifierN7]</w:t></w:r></w:p></w:tc><w:tc><w:tcPr><w:tcW w:type="dxa" w:w="352.107"/><w:tcMar/><w:tcBorders><w:top w:val="single" w:sz="0" w:color="000000"/><w:bottom w:val="single" w:sz="0" w:color="000000"/><w:left w:val="single" w:sz="0" w:color="000000"/><w:right w:val="single" w:sz="0" w:color="000000"/></w:tcBorders></w:tcPr><w:p><w:pPr><w:pStyle w:val="wwwwP4"/></w:pPr><w:r><w:t>[Header.IdentifierN8]</w:t></w:r></w:p></w:tc><w:tc><w:tcPr><w:tcW w:type="dxa" w:w="240.975"/><w:tcMar/><w:tcBorders><w:top w:val="none" w:sz="0" w:color="auto"/><w:bottom w:val="none" w:sz="0" w:color="auto"/><w:left w:val="single" w:sz="0" w:color="000000"/><w:right w:val="single" w:sz="0" w:color="000000"/></w:tcBorders></w:tcPr><w:p><w:pPr><w:pStyle w:val="wStandard"/></w:pPr></w:p></w:tc><w:tc><w:tcPr><w:tcW w:type="dxa" w:w="2011.149"/><w:tcMar/><w:tcBorders><w:top w:val="none" w:sz="0" w:color="auto"/><w:bottom w:val="none" w:sz="0" w:color="auto"/><w:left w:val="single" w:sz="0" w:color="000000"/><w:right w:val="single" w:sz="0" w:color="000000"/></w:tcBorders></w:tcPr><w:p><w:pPr><w:pStyle w:val="wStandard"/></w:pPr></w:p><w:p><w:pPr><w:pStyle w:val="wStandard"/></w:pPr></w:p></w:tc></w:tr><w:tr><w:trPr/><w:tc><w:tcPr><w:tcW w:type="dxa" w:w="2420.523"/><w:tcMar/><w:tcBorders><w:top w:val="none" w:sz="0" w:color="auto"/><w:bottom w:val="single" w:sz="0" w:color="000000"/><w:left w:val="single" w:sz="0" w:color="000000"/><w:right w:val="none" w:sz="0" w:color="auto"/></w:tcBorders></w:tcPr><w:p><w:pPr><w:pStyle w:val="wStandard"/></w:pPr></w:p></w:tc><w:tc><w:tcPr><w:tcW w:type="dxa" w:w="357.21"/><w:gridSpan w:val="8"/><w:tcMar/><w:tcBorders><w:top w:val="single" w:sz="0" w:color="000000"/><w:bottom w:val="single" w:sz="0" w:color="000000"/><w:left w:val="none" w:sz="0" w:color="auto"/><w:right w:val="none" w:sz="0" w:color="auto"/></w:tcBorders></w:tcPr><w:p><w:pPr><w:pStyle w:val="wStandard"/></w:pPr></w:p></w:tc><w:tc><w:tcPr><w:tcW w:type="dxa" w:w="352.107"/><w:tcMar/><w:tcBorders><w:top w:val="none" w:sz="0" w:color="auto"/><w:bottom w:val="single" w:sz="0" w:color="000000"/><w:left w:val="none" w:sz="0" w:color="auto"/><w:right w:val="single" w:sz="0" w:color="000000"/></w:tcBorders></w:tcPr><w:p><w:pPr><w:pStyle w:val="wStandard"/></w:pPr></w:p></w:tc><w:tc><w:tcPr><w:tcW w:type="dxa" w:w="352.107"/><w:tcMar/><w:tcBorders><w:top w:val="none" w:sz="0" w:color="auto"/><w:bottom w:val="single" w:sz="0" w:color="000000"/><w:left w:val="single" w:sz="0" w:color="000000"/><w:right w:val="single" w:sz="0" w:color="000000"/></w:tcBorders></w:tcPr><w:p><w:pPr><w:pStyle w:val="wStandard"/></w:pPr></w:p><w:p><w:pPr><w:pStyle w:val="wStandard"/></w:pPr></w:p></w:tc></w:tr></w:tbl><w:p><w:pPr><w:pStyle w:val="P12"/></w:pPr><w:r><w:rPr><w:rStyle w:val="wT1"/></w:rPr><w:t>ОБМІННА</w:t></w:r><w:r><w:rPr><w:rStyle w:val="wT3"/></w:rPr><w:t> КАРТА</w:t></w:r></w:p><w:p><w:pPr><w:pStyle w:val="P12"/></w:pPr><w:r><w:rPr><w:rStyle w:val="wT3"/></w:rPr><w:t>пологового</w:t></w:r><w:r><w:rPr><w:rStyle w:val="wT5"/></w:rPr><w:t> будинку, пологового відділення лікарні</w:t></w:r></w:p><w:p><w:pPr><w:pStyle w:val="P12"/></w:pPr><w:r><w:rPr><w:rStyle w:val="wT5"/></w:rPr><w:t>ТАЛОН</w:t></w:r><w:r><w:rPr><w:rStyle w:val="wT3"/></w:rPr><w:t> 2. Відомості пологового будинку, пологового відділення лікарні про породіллю</w:t></w:r></w:p><w:p><w:pPr><w:pStyle w:val="P5"/><w:listPr><w:ilvl w:val="0"/><w:ilfo w:val="2"/></w:listPr></w:pPr><w:r><w:rPr><w:rStyle w:val="wT17"/></w:rPr><w:t>Прізвище, ім'я, по-батькові породіллі __</w:t></w:r><w:r><w:rPr><w:rStyle w:val="wwwT11"/></w:rPr><w:t>[Mather.FirstName] [Mather.MiddleName] </w:t></w:r><w:r><w:rPr><w:rStyle w:val="wwwT11"/></w:rPr><w:t>  </w:t></w:r><w:r><w:rPr><w:rStyle w:val="wwwT11"/></w:rPr><w:t>[Mather.LastName]</w:t></w:r></w:p><w:p><w:pPr><w:pStyle w:val="P7"/><w:listPr><w:ilvl w:val="0"/><w:ilfo w:val="2"/></w:listPr></w:pPr><w:r><w:rPr><w:rStyle w:val="wT18"/></w:rPr><w:t>Вік </w:t></w:r><w:r><w:rPr><w:rStyle w:val="wwwT13"/></w:rPr><w:t>[Mather.Age]</w:t></w:r><w:r><w:rPr><w:rStyle w:val="wT19"/></w:rPr><w:t> 3. Місце проживання</w:t></w:r><w:r><w:rPr><w:rStyle w:val="wwwT8"/></w:rPr><w:t>[Mather.Address]</w:t></w:r></w:p><w:p><w:pPr><w:pStyle w:val="wStandard"/></w:pPr></w:p><w:p><w:pPr><w:pStyle w:val="P15"/><w:listPr><w:ilvl w:val="0"/><w:ilfo w:val="3"/></w:listPr></w:pPr><w:r><w:rPr><w:rStyle w:val="wT21"/></w:rPr><w:t>Пологи відбулися (число, місяць, рік)</w:t></w:r><w:r><w:rPr><w:rStyle w:val="wwwT17"/></w:rPr><w:t>[Child.BornDay].[Child.BornMonth].[Child.BornYear]</w:t></w:r></w:p><w:p><w:pPr><w:pStyle w:val="P14"/><w:listPr><w:ilvl w:val="0"/><w:ilfo w:val="3"/></w:listPr></w:pPr><w:r><w:rPr><w:rStyle w:val="wT21"/></w:rPr><w:t>Від якої вагітності за рахунком народилась дитина</w:t></w:r><w:r><w:rPr><w:rStyle w:val="wwwT18"/></w:rPr><w:t>[Mother.BornCount]</w:t></w:r></w:p><w:p><w:pPr><w:pStyle w:val="Standard"/></w:pPr><w:r><w:rPr><w:rStyle w:val="wT4"/></w:rPr><w:t>з</w:t></w:r><w:r><w:rPr><w:rStyle w:val="wT8"/></w:rPr><w:t> терміном вагітності </w:t></w:r><w:r><w:rPr><w:rStyle w:val="wwwT15"/></w:rPr><w:t>[Child.OnMatherWeeks] </w:t></w:r><w:r><w:rPr><w:rStyle w:val="wT6"/></w:rPr><w:t>тижнів.</w:t></w:r></w:p><w:p><w:pPr><w:pStyle w:val="Standard"/></w:pPr><w:r><w:rPr><w:rStyle w:val="wT6"/></w:rPr><w:t>Попередні</w:t></w:r><w:r><w:rPr><w:rStyle w:val="wT10"/></w:rPr><w:t> вагітності закінчилися: абортами, (штучними, самовільними)</w:t></w:r><w:r><w:rPr><w:rStyle w:val="wT10"/></w:rPr><w:br w:clear="all" w:type="text-wrapping"/></w:r><w:r><w:rPr><w:rStyle w:val="wT10"/></w:rPr><w:t>пологами</w:t></w:r><w:r><w:rPr><w:rStyle w:val="wT6"/></w:rPr><w:t>, </w:t></w:r><w:r><w:rPr><w:rStyle w:val="wwwT18"/></w:rPr><w:t>[Mother.ChildHistory] </w:t></w:r><w:r><w:rPr><w:rStyle w:val="wT6"/></w:rPr><w:t>у т.ч. з мертвим плодом.</w:t></w:r></w:p><w:p><w:pPr><w:pStyle w:val="P4"/><w:listPr><w:ilvl w:val="0"/><w:ilfo w:val="4"/></w:listPr></w:pPr><w:r><w:rPr><w:rStyle w:val="wT21"/></w:rPr><w:t>Пологи одноплідні, багатоплідні (підкреслити); при багароплідних пологах народилася </w:t></w:r><w:r><w:t> </w:t></w:r><w:r><w:rPr><w:rStyle w:val="wT21"/></w:rPr><w:t>за рахунком. </w:t></w:r><w:r><w:rPr><w:rStyle w:val="wwwT17"/></w:rPr><w:t>[Child.BornNumber]</w:t></w:r></w:p><w:p><w:pPr><w:pStyle w:val="P6"/><w:listPr><w:ilvl w:val="0"/><w:ilfo w:val="4"/></w:listPr></w:pPr><w:r><w:rPr><w:rStyle w:val="wT21"/></w:rPr><w:t>Особливості перебіг/ пологів (тривалість, ускладнення в пологах у матері і плоду)</w:t></w:r></w:p><w:p><w:pPr><w:pStyle w:val="P1"/><w:listPr><w:ilvl w:val="0"/><w:ilfo w:val="4"/></w:listPr></w:pPr><w:r><w:rPr><w:rStyle w:val="wT19"/></w:rPr><w:t>Знеболювання: застосувалося, ні (підкреслити), яке, ефективність</w:t></w:r></w:p><w:p><w:pPr><w:pStyle w:val="P1"/><w:listPr><w:ilvl w:val="0"/><w:ilfo w:val="4"/></w:listPr></w:pPr><w:r><w:rPr><w:rStyle w:val="wT19"/></w:rPr><w:t>Пологи партнерські так І </w:t></w:r><w:r><w:rPr><w:rStyle w:val="wT19"/></w:rPr><w:t>    </w:t></w:r><w:r><w:rPr><w:rStyle w:val="wT19"/></w:rPr><w:t>І, ні І </w:t></w:r><w:r><w:rPr><w:rStyle w:val="wT19"/></w:rPr><w:t>    </w:t></w:r><w:r><w:rPr><w:rStyle w:val="wT20"/></w:rPr><w:t>І</w:t></w:r></w:p><w:p><w:pPr><w:pStyle w:val="wStandard"/></w:pPr></w:p><w:p><w:pPr><w:pStyle w:val="P9"/><w:listPr><w:ilvl w:val="0"/><w:ilfo w:val="5"/></w:listPr></w:pPr><w:r><w:rPr><w:rStyle w:val="wT19"/></w:rPr><w:t>Перебіг післяпологового періоду (захворювання)</w:t></w:r><w:r><w:rPr><w:rStyle w:val="wwwT14"/></w:rPr><w:t>[Mother.CurrentHistory]</w:t></w:r></w:p><w:p><w:pPr><w:pStyle w:val="P9"/><w:listPr><w:ilvl w:val="0"/><w:ilfo w:val="5"/></w:listPr></w:pPr><w:r><w:rPr><w:rStyle w:val="wT21"/></w:rPr><w:t>Виписана на</w:t></w:r><w:r><w:t> __</w:t></w:r><w:r><w:rPr><w:rStyle w:val="wwwT8"/></w:rPr><w:t>[Mother.HoldDays]</w:t></w:r><w:r><w:t>___ </w:t></w:r><w:r><w:rPr><w:rStyle w:val="wT21"/></w:rPr><w:t>день після пологів</w:t></w:r></w:p><w:p><w:pPr><w:pStyle w:val="P11"/><w:listPr><w:ilvl w:val="0"/><w:ilfo w:val="5"/></w:listPr></w:pPr><w:r><w:rPr><w:rStyle w:val="wT21"/></w:rPr><w:t>Стан матері при виписці: </w:t></w:r><w:r><w:rPr><w:rStyle w:val="wwwT17"/></w:rPr><w:t>[Mother.State]</w:t></w:r></w:p><w:p><w:pPr><w:pStyle w:val="Standard"/></w:pPr><w:r><w:rPr><w:rStyle w:val="wT4"/></w:rPr><w:t>13.</w:t></w:r><w:r><w:rPr><w:rStyle w:val="wT13"/></w:rPr><w:t>Стан дитини при народженні:</w:t></w:r></w:p><w:p><w:pPr><w:pStyle w:val="Standard"/></w:pPr><w:r><w:rPr><w:rStyle w:val="wT13"/></w:rPr><w:t>в</w:t></w:r><w:r><w:rPr><w:rStyle w:val="wT14"/></w:rPr><w:t> пологовому будинку </w:t></w:r><w:r><w:rPr><w:rStyle w:val="wwwT24"/></w:rPr><w:t>[Child.HospitalState]</w:t></w:r></w:p><w:p><w:pPr><w:pStyle w:val="Standard"/></w:pPr><w:r><w:rPr><w:rStyle w:val="wT12"/></w:rPr><w:t>при</w:t></w:r><w:r><w:rPr><w:rStyle w:val="wT15"/></w:rPr><w:t> виписці </w:t></w:r><w:r><w:rPr><w:rStyle w:val="wwwT25"/></w:rPr><w:t>[Child.CurrentState]</w:t></w:r></w:p><w:p><w:pPr><w:pStyle w:val="P10"/><w:listPr><w:ilvl w:val="0"/><w:ilfo w:val="6"/></w:listPr></w:pPr><w:r><w:rPr><w:rStyle w:val="wT21"/></w:rPr><w:t>Вага дитини: при народженні </w:t></w:r><w:r><w:rPr><w:rStyle w:val="wT17"/></w:rPr><w:t>_</w:t></w:r><w:r><w:rPr><w:rStyle w:val="wwwT17"/></w:rPr><w:t>[Child.BornWeight]</w:t></w:r><w:r><w:rPr><w:rStyle w:val="wT17"/></w:rPr><w:t>__ при виписці </w:t></w:r><w:r><w:rPr><w:rStyle w:val="wwwT11"/></w:rPr><w:t>[Child.CurrentWeight]</w:t></w:r></w:p><w:p><w:pPr><w:pStyle w:val="P2"/><w:listPr><w:ilvl w:val="0"/><w:ilfo w:val="6"/></w:listPr></w:pPr><w:r><w:rPr><w:rStyle w:val="wT22"/></w:rPr><w:t>Зріст дитини при народженні </w:t></w:r><w:r><w:t>_</w:t></w:r><w:r><w:rPr><w:rStyle w:val="wwwT27"/></w:rPr><w:t>[Child.BornHeight]</w:t></w:r></w:p><w:p><w:pPr><w:pStyle w:val="P3"/><w:listPr><w:ilvl w:val="0"/><w:ilfo w:val="6"/></w:listPr></w:pPr><w:r><w:rPr><w:rStyle w:val="wT21"/></w:rPr><w:t>Чи потребує; млш патронаж: так, ні (підкреслити), показання</w:t></w:r><w:r><w:rPr><w:rStyle w:val="wwwT18"/></w:rPr><w:t>[Child.Recomendation]</w:t></w:r></w:p><w:p><w:pPr><w:pStyle w:val="P8"/><w:listPr><w:ilvl w:val="0"/><w:ilfo w:val="6"/></w:listPr></w:pPr><w:r><w:rPr><w:rStyle w:val="wT17"/></w:rPr><w:t>Особливі зауваження </w:t></w:r><w:r><w:rPr><w:rStyle w:val="wwwT12"/></w:rPr><w:t>[Child.Other]</w:t></w:r></w:p><w:p><w:pPr><w:pStyle w:val="Standard"/></w:pPr></w:p><w:p><w:pPr><w:pStyle w:val="Standard"/></w:pPr></w:p><w:sectPr><w:type w:val="next-page"/><w:pgSz w:w="16834.2303" w:h="11909.2682" w:orient="landscape"/><w:pgMar w:top="567" w:bottom="567" w:left="567" w:gutter="0" w:right="7852.9501"/><w:pgBorders w:offset-from="text"/><w:cols w:num="1" w:space="0" w:equalWidth="on"/></w:sectPr></w:body>
        </w:wordDocument>